image_id,label
..\p1_data\val_50\0_450.png,0
..\p1_data\val_50\0_451.png,0
..\p1_data\val_50\0_452.png,0
..\p1_data\val_50\0_453.png,0
..\p1_data\val_50\0_454.png,0
..\p1_data\val_50\0_455.png,0
..\p1_data\val_50\0_456.png,0
..\p1_data\val_50\0_457.png,0
..\p1_data\val_50\0_458.png,0
..\p1_data\val_50\0_459.png,0
..\p1_data\val_50\0_460.png,0
..\p1_data\val_50\0_461.png,0
..\p1_data\val_50\0_462.png,0
..\p1_data\val_50\0_463.png,0
..\p1_data\val_50\0_464.png,0
..\p1_data\val_50\0_465.png,0
..\p1_data\val_50\0_466.png,0
..\p1_data\val_50\0_467.png,0
..\p1_data\val_50\0_468.png,0
..\p1_data\val_50\0_469.png,0
..\p1_data\val_50\0_470.png,0
..\p1_data\val_50\0_471.png,0
..\p1_data\val_50\0_472.png,0
..\p1_data\val_50\0_473.png,0
..\p1_data\val_50\0_474.png,0
..\p1_data\val_50\0_475.png,0
..\p1_data\val_50\0_476.png,0
..\p1_data\val_50\0_477.png,0
..\p1_data\val_50\0_478.png,0
..\p1_data\val_50\0_479.png,0
..\p1_data\val_50\0_480.png,0
..\p1_data\val_50\0_481.png,0
..\p1_data\val_50\0_482.png,0
..\p1_data\val_50\0_483.png,0
..\p1_data\val_50\0_484.png,0
..\p1_data\val_50\0_485.png,0
..\p1_data\val_50\0_486.png,0
..\p1_data\val_50\0_487.png,0
..\p1_data\val_50\0_488.png,0
..\p1_data\val_50\0_489.png,0
..\p1_data\val_50\0_490.png,0
..\p1_data\val_50\0_491.png,0
..\p1_data\val_50\0_492.png,0
..\p1_data\val_50\0_493.png,0
..\p1_data\val_50\0_494.png,0
..\p1_data\val_50\0_495.png,0
..\p1_data\val_50\0_496.png,0
..\p1_data\val_50\0_497.png,0
..\p1_data\val_50\0_498.png,0
..\p1_data\val_50\0_499.png,0
..\p1_data\val_50\10_450.png,10
..\p1_data\val_50\10_451.png,10
..\p1_data\val_50\10_452.png,10
..\p1_data\val_50\10_453.png,10
..\p1_data\val_50\10_454.png,10
..\p1_data\val_50\10_455.png,10
..\p1_data\val_50\10_456.png,10
..\p1_data\val_50\10_457.png,10
..\p1_data\val_50\10_458.png,10
..\p1_data\val_50\10_459.png,10
..\p1_data\val_50\10_460.png,10
..\p1_data\val_50\10_461.png,10
..\p1_data\val_50\10_462.png,41
..\p1_data\val_50\10_463.png,10
..\p1_data\val_50\10_464.png,10
..\p1_data\val_50\10_465.png,10
..\p1_data\val_50\10_466.png,10
..\p1_data\val_50\10_467.png,10
..\p1_data\val_50\10_468.png,10
..\p1_data\val_50\10_469.png,46
..\p1_data\val_50\10_470.png,10
..\p1_data\val_50\10_471.png,10
..\p1_data\val_50\10_472.png,10
..\p1_data\val_50\10_473.png,10
..\p1_data\val_50\10_474.png,10
..\p1_data\val_50\10_475.png,8
..\p1_data\val_50\10_476.png,10
..\p1_data\val_50\10_477.png,10
..\p1_data\val_50\10_478.png,35
..\p1_data\val_50\10_479.png,10
..\p1_data\val_50\10_480.png,10
..\p1_data\val_50\10_481.png,10
..\p1_data\val_50\10_482.png,10
..\p1_data\val_50\10_483.png,10
..\p1_data\val_50\10_484.png,10
..\p1_data\val_50\10_485.png,41
..\p1_data\val_50\10_486.png,35
..\p1_data\val_50\10_487.png,29
..\p1_data\val_50\10_488.png,10
..\p1_data\val_50\10_489.png,10
..\p1_data\val_50\10_490.png,41
..\p1_data\val_50\10_491.png,10
..\p1_data\val_50\10_492.png,10
..\p1_data\val_50\10_493.png,10
..\p1_data\val_50\10_494.png,35
..\p1_data\val_50\10_495.png,41
..\p1_data\val_50\10_496.png,31
..\p1_data\val_50\10_497.png,0
..\p1_data\val_50\10_498.png,10
..\p1_data\val_50\10_499.png,35
..\p1_data\val_50\11_450.png,11
..\p1_data\val_50\11_451.png,11
..\p1_data\val_50\11_452.png,11
..\p1_data\val_50\11_453.png,11
..\p1_data\val_50\11_454.png,11
..\p1_data\val_50\11_455.png,11
..\p1_data\val_50\11_456.png,44
..\p1_data\val_50\11_457.png,11
..\p1_data\val_50\11_458.png,11
..\p1_data\val_50\11_459.png,11
..\p1_data\val_50\11_460.png,11
..\p1_data\val_50\11_461.png,11
..\p1_data\val_50\11_462.png,11
..\p1_data\val_50\11_463.png,11
..\p1_data\val_50\11_464.png,11
..\p1_data\val_50\11_465.png,11
..\p1_data\val_50\11_466.png,11
..\p1_data\val_50\11_467.png,15
..\p1_data\val_50\11_468.png,11
..\p1_data\val_50\11_469.png,11
..\p1_data\val_50\11_470.png,11
..\p1_data\val_50\11_471.png,11
..\p1_data\val_50\11_472.png,11
..\p1_data\val_50\11_473.png,11
..\p1_data\val_50\11_474.png,11
..\p1_data\val_50\11_475.png,36
..\p1_data\val_50\11_476.png,11
..\p1_data\val_50\11_477.png,11
..\p1_data\val_50\11_478.png,11
..\p1_data\val_50\11_479.png,11
..\p1_data\val_50\11_480.png,11
..\p1_data\val_50\11_481.png,17
..\p1_data\val_50\11_482.png,11
..\p1_data\val_50\11_483.png,17
..\p1_data\val_50\11_484.png,11
..\p1_data\val_50\11_485.png,2
..\p1_data\val_50\11_486.png,11
..\p1_data\val_50\11_487.png,11
..\p1_data\val_50\11_488.png,11
..\p1_data\val_50\11_489.png,11
..\p1_data\val_50\11_490.png,11
..\p1_data\val_50\11_491.png,11
..\p1_data\val_50\11_492.png,11
..\p1_data\val_50\11_493.png,36
..\p1_data\val_50\11_494.png,11
..\p1_data\val_50\11_495.png,17
..\p1_data\val_50\11_496.png,11
..\p1_data\val_50\11_497.png,11
..\p1_data\val_50\11_498.png,11
..\p1_data\val_50\11_499.png,25
..\p1_data\val_50\12_450.png,12
..\p1_data\val_50\12_451.png,12
..\p1_data\val_50\12_452.png,12
..\p1_data\val_50\12_453.png,12
..\p1_data\val_50\12_454.png,12
..\p1_data\val_50\12_455.png,12
..\p1_data\val_50\12_456.png,12
..\p1_data\val_50\12_457.png,12
..\p1_data\val_50\12_458.png,12
..\p1_data\val_50\12_459.png,12
..\p1_data\val_50\12_460.png,12
..\p1_data\val_50\12_461.png,12
..\p1_data\val_50\12_462.png,12
..\p1_data\val_50\12_463.png,12
..\p1_data\val_50\12_464.png,12
..\p1_data\val_50\12_465.png,12
..\p1_data\val_50\12_466.png,12
..\p1_data\val_50\12_467.png,12
..\p1_data\val_50\12_468.png,12
..\p1_data\val_50\12_469.png,12
..\p1_data\val_50\12_470.png,12
..\p1_data\val_50\12_471.png,12
..\p1_data\val_50\12_472.png,12
..\p1_data\val_50\12_473.png,12
..\p1_data\val_50\12_474.png,12
..\p1_data\val_50\12_475.png,12
..\p1_data\val_50\12_476.png,12
..\p1_data\val_50\12_477.png,12
..\p1_data\val_50\12_478.png,12
..\p1_data\val_50\12_479.png,12
..\p1_data\val_50\12_480.png,12
..\p1_data\val_50\12_481.png,12
..\p1_data\val_50\12_482.png,12
..\p1_data\val_50\12_483.png,12
..\p1_data\val_50\12_484.png,12
..\p1_data\val_50\12_485.png,12
..\p1_data\val_50\12_486.png,34
..\p1_data\val_50\12_487.png,12
..\p1_data\val_50\12_488.png,12
..\p1_data\val_50\12_489.png,12
..\p1_data\val_50\12_490.png,12
..\p1_data\val_50\12_491.png,12
..\p1_data\val_50\12_492.png,12
..\p1_data\val_50\12_493.png,12
..\p1_data\val_50\12_494.png,12
..\p1_data\val_50\12_495.png,12
..\p1_data\val_50\12_496.png,12
..\p1_data\val_50\12_497.png,12
..\p1_data\val_50\12_498.png,12
..\p1_data\val_50\12_499.png,12
..\p1_data\val_50\13_450.png,13
..\p1_data\val_50\13_451.png,13
..\p1_data\val_50\13_452.png,13
..\p1_data\val_50\13_453.png,13
..\p1_data\val_50\13_454.png,13
..\p1_data\val_50\13_455.png,13
..\p1_data\val_50\13_456.png,13
..\p1_data\val_50\13_457.png,18
..\p1_data\val_50\13_458.png,13
..\p1_data\val_50\13_459.png,13
..\p1_data\val_50\13_460.png,13
..\p1_data\val_50\13_461.png,13
..\p1_data\val_50\13_462.png,13
..\p1_data\val_50\13_463.png,23
..\p1_data\val_50\13_464.png,13
..\p1_data\val_50\13_465.png,13
..\p1_data\val_50\13_466.png,13
..\p1_data\val_50\13_467.png,38
..\p1_data\val_50\13_468.png,13
..\p1_data\val_50\13_469.png,23
..\p1_data\val_50\13_470.png,6
..\p1_data\val_50\13_471.png,13
..\p1_data\val_50\13_472.png,13
..\p1_data\val_50\13_473.png,13
..\p1_data\val_50\13_474.png,13
..\p1_data\val_50\13_475.png,13
..\p1_data\val_50\13_476.png,13
..\p1_data\val_50\13_477.png,13
..\p1_data\val_50\13_478.png,13
..\p1_data\val_50\13_479.png,18
..\p1_data\val_50\13_480.png,13
..\p1_data\val_50\13_481.png,18
..\p1_data\val_50\13_482.png,13
..\p1_data\val_50\13_483.png,13
..\p1_data\val_50\13_484.png,6
..\p1_data\val_50\13_485.png,13
..\p1_data\val_50\13_486.png,13
..\p1_data\val_50\13_487.png,11
..\p1_data\val_50\13_488.png,13
..\p1_data\val_50\13_489.png,13
..\p1_data\val_50\13_490.png,6
..\p1_data\val_50\13_491.png,13
..\p1_data\val_50\13_492.png,13
..\p1_data\val_50\13_493.png,23
..\p1_data\val_50\13_494.png,13
..\p1_data\val_50\13_495.png,13
..\p1_data\val_50\13_496.png,6
..\p1_data\val_50\13_497.png,13
..\p1_data\val_50\13_498.png,13
..\p1_data\val_50\13_499.png,23
..\p1_data\val_50\14_450.png,14
..\p1_data\val_50\14_451.png,14
..\p1_data\val_50\14_452.png,14
..\p1_data\val_50\14_453.png,14
..\p1_data\val_50\14_454.png,14
..\p1_data\val_50\14_455.png,14
..\p1_data\val_50\14_456.png,20
..\p1_data\val_50\14_457.png,14
..\p1_data\val_50\14_458.png,14
..\p1_data\val_50\14_459.png,5
..\p1_data\val_50\14_460.png,14
..\p1_data\val_50\14_461.png,14
..\p1_data\val_50\14_462.png,14
..\p1_data\val_50\14_463.png,14
..\p1_data\val_50\14_464.png,37
..\p1_data\val_50\14_465.png,14
..\p1_data\val_50\14_466.png,5
..\p1_data\val_50\14_467.png,14
..\p1_data\val_50\14_468.png,14
..\p1_data\val_50\14_469.png,14
..\p1_data\val_50\14_470.png,14
..\p1_data\val_50\14_471.png,14
..\p1_data\val_50\14_472.png,14
..\p1_data\val_50\14_473.png,14
..\p1_data\val_50\14_474.png,14
..\p1_data\val_50\14_475.png,14
..\p1_data\val_50\14_476.png,14
..\p1_data\val_50\14_477.png,14
..\p1_data\val_50\14_478.png,14
..\p1_data\val_50\14_479.png,14
..\p1_data\val_50\14_480.png,14
..\p1_data\val_50\14_481.png,14
..\p1_data\val_50\14_482.png,14
..\p1_data\val_50\14_483.png,14
..\p1_data\val_50\14_484.png,14
..\p1_data\val_50\14_485.png,14
..\p1_data\val_50\14_486.png,14
..\p1_data\val_50\14_487.png,14
..\p1_data\val_50\14_488.png,14
..\p1_data\val_50\14_489.png,14
..\p1_data\val_50\14_490.png,14
..\p1_data\val_50\14_491.png,14
..\p1_data\val_50\14_492.png,14
..\p1_data\val_50\14_493.png,14
..\p1_data\val_50\14_494.png,14
..\p1_data\val_50\14_495.png,14
..\p1_data\val_50\14_496.png,14
..\p1_data\val_50\14_497.png,14
..\p1_data\val_50\14_498.png,14
..\p1_data\val_50\14_499.png,14
..\p1_data\val_50\15_450.png,15
..\p1_data\val_50\15_451.png,15
..\p1_data\val_50\15_452.png,15
..\p1_data\val_50\15_453.png,15
..\p1_data\val_50\15_454.png,15
..\p1_data\val_50\15_455.png,43
..\p1_data\val_50\15_456.png,15
..\p1_data\val_50\15_457.png,15
..\p1_data\val_50\15_458.png,15
..\p1_data\val_50\15_459.png,17
..\p1_data\val_50\15_460.png,15
..\p1_data\val_50\15_461.png,8
..\p1_data\val_50\15_462.png,15
..\p1_data\val_50\15_463.png,15
..\p1_data\val_50\15_464.png,15
..\p1_data\val_50\15_465.png,36
..\p1_data\val_50\15_466.png,15
..\p1_data\val_50\15_467.png,15
..\p1_data\val_50\15_468.png,15
..\p1_data\val_50\15_469.png,15
..\p1_data\val_50\15_470.png,17
..\p1_data\val_50\15_471.png,15
..\p1_data\val_50\15_472.png,15
..\p1_data\val_50\15_473.png,15
..\p1_data\val_50\15_474.png,48
..\p1_data\val_50\15_475.png,15
..\p1_data\val_50\15_476.png,15
..\p1_data\val_50\15_477.png,30
..\p1_data\val_50\15_478.png,15
..\p1_data\val_50\15_479.png,20
..\p1_data\val_50\15_480.png,15
..\p1_data\val_50\15_481.png,15
..\p1_data\val_50\15_482.png,15
..\p1_data\val_50\15_483.png,48
..\p1_data\val_50\15_484.png,15
..\p1_data\val_50\15_485.png,15
..\p1_data\val_50\15_486.png,15
..\p1_data\val_50\15_487.png,15
..\p1_data\val_50\15_488.png,15
..\p1_data\val_50\15_489.png,15
..\p1_data\val_50\15_490.png,15
..\p1_data\val_50\15_491.png,48
..\p1_data\val_50\15_492.png,15
..\p1_data\val_50\15_493.png,15
..\p1_data\val_50\15_494.png,15
..\p1_data\val_50\15_495.png,15
..\p1_data\val_50\15_496.png,15
..\p1_data\val_50\15_497.png,15
..\p1_data\val_50\15_498.png,15
..\p1_data\val_50\15_499.png,15
..\p1_data\val_50\16_450.png,16
..\p1_data\val_50\16_451.png,16
..\p1_data\val_50\16_452.png,16
..\p1_data\val_50\16_453.png,16
..\p1_data\val_50\16_454.png,15
..\p1_data\val_50\16_455.png,16
..\p1_data\val_50\16_456.png,16
..\p1_data\val_50\16_457.png,16
..\p1_data\val_50\16_458.png,16
..\p1_data\val_50\16_459.png,16
..\p1_data\val_50\16_460.png,36
..\p1_data\val_50\16_461.png,16
..\p1_data\val_50\16_462.png,16
..\p1_data\val_50\16_463.png,16
..\p1_data\val_50\16_464.png,16
..\p1_data\val_50\16_465.png,16
..\p1_data\val_50\16_466.png,16
..\p1_data\val_50\16_467.png,16
..\p1_data\val_50\16_468.png,16
..\p1_data\val_50\16_469.png,16
..\p1_data\val_50\16_470.png,16
..\p1_data\val_50\16_471.png,16
..\p1_data\val_50\16_472.png,16
..\p1_data\val_50\16_473.png,16
..\p1_data\val_50\16_474.png,16
..\p1_data\val_50\16_475.png,16
..\p1_data\val_50\16_476.png,16
..\p1_data\val_50\16_477.png,16
..\p1_data\val_50\16_478.png,16
..\p1_data\val_50\16_479.png,16
..\p1_data\val_50\16_480.png,16
..\p1_data\val_50\16_481.png,16
..\p1_data\val_50\16_482.png,16
..\p1_data\val_50\16_483.png,16
..\p1_data\val_50\16_484.png,16
..\p1_data\val_50\16_485.png,16
..\p1_data\val_50\16_486.png,16
..\p1_data\val_50\16_487.png,16
..\p1_data\val_50\16_488.png,16
..\p1_data\val_50\16_489.png,16
..\p1_data\val_50\16_490.png,16
..\p1_data\val_50\16_491.png,16
..\p1_data\val_50\16_492.png,16
..\p1_data\val_50\16_493.png,16
..\p1_data\val_50\16_494.png,16
..\p1_data\val_50\16_495.png,16
..\p1_data\val_50\16_496.png,16
..\p1_data\val_50\16_497.png,16
..\p1_data\val_50\16_498.png,16
..\p1_data\val_50\16_499.png,16
..\p1_data\val_50\17_450.png,17
..\p1_data\val_50\17_451.png,17
..\p1_data\val_50\17_452.png,17
..\p1_data\val_50\17_453.png,17
..\p1_data\val_50\17_454.png,17
..\p1_data\val_50\17_455.png,17
..\p1_data\val_50\17_456.png,3
..\p1_data\val_50\17_457.png,25
..\p1_data\val_50\17_458.png,17
..\p1_data\val_50\17_459.png,36
..\p1_data\val_50\17_460.png,17
..\p1_data\val_50\17_461.png,17
..\p1_data\val_50\17_462.png,17
..\p1_data\val_50\17_463.png,17
..\p1_data\val_50\17_464.png,17
..\p1_data\val_50\17_465.png,17
..\p1_data\val_50\17_466.png,17
..\p1_data\val_50\17_467.png,17
..\p1_data\val_50\17_468.png,17
..\p1_data\val_50\17_469.png,17
..\p1_data\val_50\17_470.png,47
..\p1_data\val_50\17_471.png,17
..\p1_data\val_50\17_472.png,44
..\p1_data\val_50\17_473.png,17
..\p1_data\val_50\17_474.png,33
..\p1_data\val_50\17_475.png,33
..\p1_data\val_50\17_476.png,17
..\p1_data\val_50\17_477.png,25
..\p1_data\val_50\17_478.png,7
..\p1_data\val_50\17_479.png,17
..\p1_data\val_50\17_480.png,36
..\p1_data\val_50\17_481.png,17
..\p1_data\val_50\17_482.png,17
..\p1_data\val_50\17_483.png,28
..\p1_data\val_50\17_484.png,17
..\p1_data\val_50\17_485.png,17
..\p1_data\val_50\17_486.png,17
..\p1_data\val_50\17_487.png,17
..\p1_data\val_50\17_488.png,17
..\p1_data\val_50\17_489.png,17
..\p1_data\val_50\17_490.png,17
..\p1_data\val_50\17_491.png,17
..\p1_data\val_50\17_492.png,11
..\p1_data\val_50\17_493.png,17
..\p1_data\val_50\17_494.png,17
..\p1_data\val_50\17_495.png,17
..\p1_data\val_50\17_496.png,17
..\p1_data\val_50\17_497.png,17
..\p1_data\val_50\17_498.png,17
..\p1_data\val_50\17_499.png,33
..\p1_data\val_50\18_450.png,18
..\p1_data\val_50\18_451.png,18
..\p1_data\val_50\18_452.png,18
..\p1_data\val_50\18_453.png,18
..\p1_data\val_50\18_454.png,18
..\p1_data\val_50\18_455.png,18
..\p1_data\val_50\18_456.png,18
..\p1_data\val_50\18_457.png,18
..\p1_data\val_50\18_458.png,18
..\p1_data\val_50\18_459.png,18
..\p1_data\val_50\18_460.png,18
..\p1_data\val_50\18_461.png,18
..\p1_data\val_50\18_462.png,18
..\p1_data\val_50\18_463.png,8
..\p1_data\val_50\18_464.png,18
..\p1_data\val_50\18_465.png,18
..\p1_data\val_50\18_466.png,18
..\p1_data\val_50\18_467.png,18
..\p1_data\val_50\18_468.png,18
..\p1_data\val_50\18_469.png,18
..\p1_data\val_50\18_470.png,18
..\p1_data\val_50\18_471.png,23
..\p1_data\val_50\18_472.png,18
..\p1_data\val_50\18_473.png,18
..\p1_data\val_50\18_474.png,39
..\p1_data\val_50\18_475.png,18
..\p1_data\val_50\18_476.png,18
..\p1_data\val_50\18_477.png,18
..\p1_data\val_50\18_478.png,23
..\p1_data\val_50\18_479.png,18
..\p1_data\val_50\18_480.png,18
..\p1_data\val_50\18_481.png,13
..\p1_data\val_50\18_482.png,18
..\p1_data\val_50\18_483.png,18
..\p1_data\val_50\18_484.png,18
..\p1_data\val_50\18_485.png,18
..\p1_data\val_50\18_486.png,18
..\p1_data\val_50\18_487.png,18
..\p1_data\val_50\18_488.png,18
..\p1_data\val_50\18_489.png,18
..\p1_data\val_50\18_490.png,13
..\p1_data\val_50\18_491.png,18
..\p1_data\val_50\18_492.png,18
..\p1_data\val_50\18_493.png,18
..\p1_data\val_50\18_494.png,18
..\p1_data\val_50\18_495.png,18
..\p1_data\val_50\18_496.png,18
..\p1_data\val_50\18_497.png,13
..\p1_data\val_50\18_498.png,13
..\p1_data\val_50\18_499.png,18
..\p1_data\val_50\19_450.png,19
..\p1_data\val_50\19_451.png,19
..\p1_data\val_50\19_452.png,19
..\p1_data\val_50\19_453.png,19
..\p1_data\val_50\19_454.png,19
..\p1_data\val_50\19_455.png,19
..\p1_data\val_50\19_456.png,19
..\p1_data\val_50\19_457.png,19
..\p1_data\val_50\19_458.png,19
..\p1_data\val_50\19_459.png,19
..\p1_data\val_50\19_460.png,19
..\p1_data\val_50\19_461.png,19
..\p1_data\val_50\19_462.png,19
..\p1_data\val_50\19_463.png,19
..\p1_data\val_50\19_464.png,19
..\p1_data\val_50\19_465.png,19
..\p1_data\val_50\19_466.png,19
..\p1_data\val_50\19_467.png,19
..\p1_data\val_50\19_468.png,19
..\p1_data\val_50\19_469.png,19
..\p1_data\val_50\19_470.png,19
..\p1_data\val_50\19_471.png,19
..\p1_data\val_50\19_472.png,5
..\p1_data\val_50\19_473.png,19
..\p1_data\val_50\19_474.png,19
..\p1_data\val_50\19_475.png,19
..\p1_data\val_50\19_476.png,19
..\p1_data\val_50\19_477.png,47
..\p1_data\val_50\19_478.png,5
..\p1_data\val_50\19_479.png,19
..\p1_data\val_50\19_480.png,19
..\p1_data\val_50\19_481.png,19
..\p1_data\val_50\19_482.png,19
..\p1_data\val_50\19_483.png,33
..\p1_data\val_50\19_484.png,19
..\p1_data\val_50\19_485.png,19
..\p1_data\val_50\19_486.png,19
..\p1_data\val_50\19_487.png,19
..\p1_data\val_50\19_488.png,19
..\p1_data\val_50\19_489.png,19
..\p1_data\val_50\19_490.png,19
..\p1_data\val_50\19_491.png,19
..\p1_data\val_50\19_492.png,19
..\p1_data\val_50\19_493.png,19
..\p1_data\val_50\19_494.png,19
..\p1_data\val_50\19_495.png,19
..\p1_data\val_50\19_496.png,19
..\p1_data\val_50\19_497.png,19
..\p1_data\val_50\19_498.png,19
..\p1_data\val_50\19_499.png,19
..\p1_data\val_50\1_450.png,0
..\p1_data\val_50\1_451.png,1
..\p1_data\val_50\1_452.png,1
..\p1_data\val_50\1_453.png,1
..\p1_data\val_50\1_454.png,1
..\p1_data\val_50\1_455.png,1
..\p1_data\val_50\1_456.png,1
..\p1_data\val_50\1_457.png,1
..\p1_data\val_50\1_458.png,1
..\p1_data\val_50\1_459.png,1
..\p1_data\val_50\1_460.png,1
..\p1_data\val_50\1_461.png,1
..\p1_data\val_50\1_462.png,1
..\p1_data\val_50\1_463.png,1
..\p1_data\val_50\1_464.png,1
..\p1_data\val_50\1_465.png,1
..\p1_data\val_50\1_466.png,1
..\p1_data\val_50\1_467.png,1
..\p1_data\val_50\1_468.png,1
..\p1_data\val_50\1_469.png,1
..\p1_data\val_50\1_470.png,47
..\p1_data\val_50\1_471.png,1
..\p1_data\val_50\1_472.png,1
..\p1_data\val_50\1_473.png,1
..\p1_data\val_50\1_474.png,1
..\p1_data\val_50\1_475.png,1
..\p1_data\val_50\1_476.png,1
..\p1_data\val_50\1_477.png,1
..\p1_data\val_50\1_478.png,1
..\p1_data\val_50\1_479.png,1
..\p1_data\val_50\1_480.png,40
..\p1_data\val_50\1_481.png,1
..\p1_data\val_50\1_482.png,1
..\p1_data\val_50\1_483.png,1
..\p1_data\val_50\1_484.png,1
..\p1_data\val_50\1_485.png,9
..\p1_data\val_50\1_486.png,1
..\p1_data\val_50\1_487.png,1
..\p1_data\val_50\1_488.png,1
..\p1_data\val_50\1_489.png,1
..\p1_data\val_50\1_490.png,9
..\p1_data\val_50\1_491.png,9
..\p1_data\val_50\1_492.png,1
..\p1_data\val_50\1_493.png,1
..\p1_data\val_50\1_494.png,1
..\p1_data\val_50\1_495.png,1
..\p1_data\val_50\1_496.png,1
..\p1_data\val_50\1_497.png,1
..\p1_data\val_50\1_498.png,1
..\p1_data\val_50\1_499.png,1
..\p1_data\val_50\20_450.png,36
..\p1_data\val_50\20_451.png,20
..\p1_data\val_50\20_452.png,20
..\p1_data\val_50\20_453.png,20
..\p1_data\val_50\20_454.png,20
..\p1_data\val_50\20_455.png,20
..\p1_data\val_50\20_456.png,36
..\p1_data\val_50\20_457.png,20
..\p1_data\val_50\20_458.png,20
..\p1_data\val_50\20_459.png,20
..\p1_data\val_50\20_460.png,20
..\p1_data\val_50\20_461.png,20
..\p1_data\val_50\20_462.png,20
..\p1_data\val_50\20_463.png,20
..\p1_data\val_50\20_464.png,20
..\p1_data\val_50\20_465.png,20
..\p1_data\val_50\20_466.png,20
..\p1_data\val_50\20_467.png,20
..\p1_data\val_50\20_468.png,20
..\p1_data\val_50\20_469.png,20
..\p1_data\val_50\20_470.png,20
..\p1_data\val_50\20_471.png,20
..\p1_data\val_50\20_472.png,20
..\p1_data\val_50\20_473.png,48
..\p1_data\val_50\20_474.png,20
..\p1_data\val_50\20_475.png,43
..\p1_data\val_50\20_476.png,20
..\p1_data\val_50\20_477.png,20
..\p1_data\val_50\20_478.png,20
..\p1_data\val_50\20_479.png,20
..\p1_data\val_50\20_480.png,20
..\p1_data\val_50\20_481.png,20
..\p1_data\val_50\20_482.png,20
..\p1_data\val_50\20_483.png,20
..\p1_data\val_50\20_484.png,20
..\p1_data\val_50\20_485.png,36
..\p1_data\val_50\20_486.png,20
..\p1_data\val_50\20_487.png,20
..\p1_data\val_50\20_488.png,20
..\p1_data\val_50\20_489.png,20
..\p1_data\val_50\20_490.png,20
..\p1_data\val_50\20_491.png,20
..\p1_data\val_50\20_492.png,20
..\p1_data\val_50\20_493.png,33
..\p1_data\val_50\20_494.png,20
..\p1_data\val_50\20_495.png,43
..\p1_data\val_50\20_496.png,20
..\p1_data\val_50\20_497.png,20
..\p1_data\val_50\20_498.png,20
..\p1_data\val_50\20_499.png,43
..\p1_data\val_50\21_450.png,21
..\p1_data\val_50\21_451.png,21
..\p1_data\val_50\21_452.png,5
..\p1_data\val_50\21_453.png,21
..\p1_data\val_50\21_454.png,21
..\p1_data\val_50\21_455.png,21
..\p1_data\val_50\21_456.png,21
..\p1_data\val_50\21_457.png,21
..\p1_data\val_50\21_458.png,5
..\p1_data\val_50\21_459.png,21
..\p1_data\val_50\21_460.png,21
..\p1_data\val_50\21_461.png,21
..\p1_data\val_50\21_462.png,21
..\p1_data\val_50\21_463.png,21
..\p1_data\val_50\21_464.png,21
..\p1_data\val_50\21_465.png,21
..\p1_data\val_50\21_466.png,21
..\p1_data\val_50\21_467.png,34
..\p1_data\val_50\21_468.png,31
..\p1_data\val_50\21_469.png,21
..\p1_data\val_50\21_470.png,21
..\p1_data\val_50\21_471.png,21
..\p1_data\val_50\21_472.png,21
..\p1_data\val_50\21_473.png,21
..\p1_data\val_50\21_474.png,21
..\p1_data\val_50\21_475.png,21
..\p1_data\val_50\21_476.png,21
..\p1_data\val_50\21_477.png,21
..\p1_data\val_50\21_478.png,21
..\p1_data\val_50\21_479.png,21
..\p1_data\val_50\21_480.png,21
..\p1_data\val_50\21_481.png,21
..\p1_data\val_50\21_482.png,9
..\p1_data\val_50\21_483.png,21
..\p1_data\val_50\21_484.png,21
..\p1_data\val_50\21_485.png,21
..\p1_data\val_50\21_486.png,21
..\p1_data\val_50\21_487.png,21
..\p1_data\val_50\21_488.png,21
..\p1_data\val_50\21_489.png,21
..\p1_data\val_50\21_490.png,21
..\p1_data\val_50\21_491.png,21
..\p1_data\val_50\21_492.png,21
..\p1_data\val_50\21_493.png,21
..\p1_data\val_50\21_494.png,21
..\p1_data\val_50\21_495.png,21
..\p1_data\val_50\21_496.png,21
..\p1_data\val_50\21_497.png,21
..\p1_data\val_50\21_498.png,21
..\p1_data\val_50\21_499.png,21
..\p1_data\val_50\22_450.png,8
..\p1_data\val_50\22_451.png,3
..\p1_data\val_50\22_452.png,22
..\p1_data\val_50\22_453.png,33
..\p1_data\val_50\22_454.png,22
..\p1_data\val_50\22_455.png,22
..\p1_data\val_50\22_456.png,22
..\p1_data\val_50\22_457.png,17
..\p1_data\val_50\22_458.png,22
..\p1_data\val_50\22_459.png,22
..\p1_data\val_50\22_460.png,22
..\p1_data\val_50\22_461.png,3
..\p1_data\val_50\22_462.png,22
..\p1_data\val_50\22_463.png,22
..\p1_data\val_50\22_464.png,22
..\p1_data\val_50\22_465.png,11
..\p1_data\val_50\22_466.png,22
..\p1_data\val_50\22_467.png,22
..\p1_data\val_50\22_468.png,22
..\p1_data\val_50\22_469.png,22
..\p1_data\val_50\22_470.png,47
..\p1_data\val_50\22_471.png,22
..\p1_data\val_50\22_472.png,22
..\p1_data\val_50\22_473.png,22
..\p1_data\val_50\22_474.png,30
..\p1_data\val_50\22_475.png,33
..\p1_data\val_50\22_476.png,22
..\p1_data\val_50\22_477.png,22
..\p1_data\val_50\22_478.png,22
..\p1_data\val_50\22_479.png,22
..\p1_data\val_50\22_480.png,22
..\p1_data\val_50\22_481.png,33
..\p1_data\val_50\22_482.png,22
..\p1_data\val_50\22_483.png,22
..\p1_data\val_50\22_484.png,15
..\p1_data\val_50\22_485.png,22
..\p1_data\val_50\22_486.png,33
..\p1_data\val_50\22_487.png,33
..\p1_data\val_50\22_488.png,22
..\p1_data\val_50\22_489.png,22
..\p1_data\val_50\22_490.png,33
..\p1_data\val_50\22_491.png,22
..\p1_data\val_50\22_492.png,22
..\p1_data\val_50\22_493.png,22
..\p1_data\val_50\22_494.png,48
..\p1_data\val_50\22_495.png,22
..\p1_data\val_50\22_496.png,22
..\p1_data\val_50\22_497.png,22
..\p1_data\val_50\22_498.png,22
..\p1_data\val_50\22_499.png,33
..\p1_data\val_50\23_450.png,23
..\p1_data\val_50\23_451.png,23
..\p1_data\val_50\23_452.png,18
..\p1_data\val_50\23_453.png,23
..\p1_data\val_50\23_454.png,23
..\p1_data\val_50\23_455.png,23
..\p1_data\val_50\23_456.png,23
..\p1_data\val_50\23_457.png,23
..\p1_data\val_50\23_458.png,23
..\p1_data\val_50\23_459.png,18
..\p1_data\val_50\23_460.png,23
..\p1_data\val_50\23_461.png,23
..\p1_data\val_50\23_462.png,18
..\p1_data\val_50\23_463.png,23
..\p1_data\val_50\23_464.png,6
..\p1_data\val_50\23_465.png,23
..\p1_data\val_50\23_466.png,39
..\p1_data\val_50\23_467.png,23
..\p1_data\val_50\23_468.png,18
..\p1_data\val_50\23_469.png,23
..\p1_data\val_50\23_470.png,13
..\p1_data\val_50\23_471.png,23
..\p1_data\val_50\23_472.png,23
..\p1_data\val_50\23_473.png,23
..\p1_data\val_50\23_474.png,8
..\p1_data\val_50\23_475.png,23
..\p1_data\val_50\23_476.png,23
..\p1_data\val_50\23_477.png,18
..\p1_data\val_50\23_478.png,18
..\p1_data\val_50\23_479.png,23
..\p1_data\val_50\23_480.png,23
..\p1_data\val_50\23_481.png,6
..\p1_data\val_50\23_482.png,23
..\p1_data\val_50\23_483.png,23
..\p1_data\val_50\23_484.png,23
..\p1_data\val_50\23_485.png,23
..\p1_data\val_50\23_486.png,23
..\p1_data\val_50\23_487.png,23
..\p1_data\val_50\23_488.png,23
..\p1_data\val_50\23_489.png,23
..\p1_data\val_50\23_490.png,18
..\p1_data\val_50\23_491.png,23
..\p1_data\val_50\23_492.png,23
..\p1_data\val_50\23_493.png,23
..\p1_data\val_50\23_494.png,23
..\p1_data\val_50\23_495.png,23
..\p1_data\val_50\23_496.png,23
..\p1_data\val_50\23_497.png,23
..\p1_data\val_50\23_498.png,23
..\p1_data\val_50\23_499.png,18
..\p1_data\val_50\24_450.png,40
..\p1_data\val_50\24_451.png,34
..\p1_data\val_50\24_452.png,24
..\p1_data\val_50\24_453.png,34
..\p1_data\val_50\24_454.png,38
..\p1_data\val_50\24_455.png,38
..\p1_data\val_50\24_456.png,34
..\p1_data\val_50\24_457.png,6
..\p1_data\val_50\24_458.png,24
..\p1_data\val_50\24_459.png,24
..\p1_data\val_50\24_460.png,24
..\p1_data\val_50\24_461.png,24
..\p1_data\val_50\24_462.png,24
..\p1_data\val_50\24_463.png,5
..\p1_data\val_50\24_464.png,24
..\p1_data\val_50\24_465.png,46
..\p1_data\val_50\24_466.png,24
..\p1_data\val_50\24_467.png,24
..\p1_data\val_50\24_468.png,24
..\p1_data\val_50\24_469.png,24
..\p1_data\val_50\24_470.png,24
..\p1_data\val_50\24_471.png,23
..\p1_data\val_50\24_472.png,24
..\p1_data\val_50\24_473.png,24
..\p1_data\val_50\24_474.png,24
..\p1_data\val_50\24_475.png,24
..\p1_data\val_50\24_476.png,24
..\p1_data\val_50\24_477.png,24
..\p1_data\val_50\24_478.png,24
..\p1_data\val_50\24_479.png,39
..\p1_data\val_50\24_480.png,24
..\p1_data\val_50\24_481.png,24
..\p1_data\val_50\24_482.png,24
..\p1_data\val_50\24_483.png,24
..\p1_data\val_50\24_484.png,24
..\p1_data\val_50\24_485.png,24
..\p1_data\val_50\24_486.png,24
..\p1_data\val_50\24_487.png,24
..\p1_data\val_50\24_488.png,39
..\p1_data\val_50\24_489.png,24
..\p1_data\val_50\24_490.png,24
..\p1_data\val_50\24_491.png,24
..\p1_data\val_50\24_492.png,24
..\p1_data\val_50\24_493.png,6
..\p1_data\val_50\24_494.png,24
..\p1_data\val_50\24_495.png,46
..\p1_data\val_50\24_496.png,24
..\p1_data\val_50\24_497.png,24
..\p1_data\val_50\24_498.png,24
..\p1_data\val_50\24_499.png,24
..\p1_data\val_50\25_450.png,48
..\p1_data\val_50\25_451.png,25
..\p1_data\val_50\25_452.png,25
..\p1_data\val_50\25_453.png,25
..\p1_data\val_50\25_454.png,25
..\p1_data\val_50\25_455.png,25
..\p1_data\val_50\25_456.png,25
..\p1_data\val_50\25_457.png,25
..\p1_data\val_50\25_458.png,25
..\p1_data\val_50\25_459.png,25
..\p1_data\val_50\25_460.png,25
..\p1_data\val_50\25_461.png,2
..\p1_data\val_50\25_462.png,25
..\p1_data\val_50\25_463.png,25
..\p1_data\val_50\25_464.png,25
..\p1_data\val_50\25_465.png,22
..\p1_data\val_50\25_466.png,25
..\p1_data\val_50\25_467.png,25
..\p1_data\val_50\25_468.png,25
..\p1_data\val_50\25_469.png,25
..\p1_data\val_50\25_470.png,25
..\p1_data\val_50\25_471.png,25
..\p1_data\val_50\25_472.png,25
..\p1_data\val_50\25_473.png,25
..\p1_data\val_50\25_474.png,25
..\p1_data\val_50\25_475.png,25
..\p1_data\val_50\25_476.png,25
..\p1_data\val_50\25_477.png,25
..\p1_data\val_50\25_478.png,25
..\p1_data\val_50\25_479.png,25
..\p1_data\val_50\25_480.png,25
..\p1_data\val_50\25_481.png,25
..\p1_data\val_50\25_482.png,28
..\p1_data\val_50\25_483.png,25
..\p1_data\val_50\25_484.png,25
..\p1_data\val_50\25_485.png,25
..\p1_data\val_50\25_486.png,8
..\p1_data\val_50\25_487.png,25
..\p1_data\val_50\25_488.png,25
..\p1_data\val_50\25_489.png,25
..\p1_data\val_50\25_490.png,25
..\p1_data\val_50\25_491.png,45
..\p1_data\val_50\25_492.png,25
..\p1_data\val_50\25_493.png,43
..\p1_data\val_50\25_494.png,25
..\p1_data\val_50\25_495.png,25
..\p1_data\val_50\25_496.png,25
..\p1_data\val_50\25_497.png,25
..\p1_data\val_50\25_498.png,25
..\p1_data\val_50\25_499.png,25
..\p1_data\val_50\26_450.png,26
..\p1_data\val_50\26_451.png,26
..\p1_data\val_50\26_452.png,26
..\p1_data\val_50\26_453.png,26
..\p1_data\val_50\26_454.png,26
..\p1_data\val_50\26_455.png,26
..\p1_data\val_50\26_456.png,26
..\p1_data\val_50\26_457.png,26
..\p1_data\val_50\26_458.png,26
..\p1_data\val_50\26_459.png,26
..\p1_data\val_50\26_460.png,26
..\p1_data\val_50\26_461.png,26
..\p1_data\val_50\26_462.png,26
..\p1_data\val_50\26_463.png,26
..\p1_data\val_50\26_464.png,26
..\p1_data\val_50\26_465.png,26
..\p1_data\val_50\26_466.png,26
..\p1_data\val_50\26_467.png,26
..\p1_data\val_50\26_468.png,26
..\p1_data\val_50\26_469.png,49
..\p1_data\val_50\26_470.png,43
..\p1_data\val_50\26_471.png,26
..\p1_data\val_50\26_472.png,26
..\p1_data\val_50\26_473.png,26
..\p1_data\val_50\26_474.png,26
..\p1_data\val_50\26_475.png,26
..\p1_data\val_50\26_476.png,26
..\p1_data\val_50\26_477.png,26
..\p1_data\val_50\26_478.png,26
..\p1_data\val_50\26_479.png,26
..\p1_data\val_50\26_480.png,26
..\p1_data\val_50\26_481.png,26
..\p1_data\val_50\26_482.png,26
..\p1_data\val_50\26_483.png,26
..\p1_data\val_50\26_484.png,26
..\p1_data\val_50\26_485.png,26
..\p1_data\val_50\26_486.png,26
..\p1_data\val_50\26_487.png,26
..\p1_data\val_50\26_488.png,26
..\p1_data\val_50\26_489.png,26
..\p1_data\val_50\26_490.png,26
..\p1_data\val_50\26_491.png,26
..\p1_data\val_50\26_492.png,26
..\p1_data\val_50\26_493.png,26
..\p1_data\val_50\26_494.png,26
..\p1_data\val_50\26_495.png,26
..\p1_data\val_50\26_496.png,26
..\p1_data\val_50\26_497.png,26
..\p1_data\val_50\26_498.png,26
..\p1_data\val_50\26_499.png,26
..\p1_data\val_50\27_450.png,16
..\p1_data\val_50\27_451.png,27
..\p1_data\val_50\27_452.png,27
..\p1_data\val_50\27_453.png,27
..\p1_data\val_50\27_454.png,27
..\p1_data\val_50\27_455.png,27
..\p1_data\val_50\27_456.png,27
..\p1_data\val_50\27_457.png,27
..\p1_data\val_50\27_458.png,27
..\p1_data\val_50\27_459.png,27
..\p1_data\val_50\27_460.png,27
..\p1_data\val_50\27_461.png,27
..\p1_data\val_50\27_462.png,27
..\p1_data\val_50\27_463.png,27
..\p1_data\val_50\27_464.png,27
..\p1_data\val_50\27_465.png,27
..\p1_data\val_50\27_466.png,27
..\p1_data\val_50\27_467.png,27
..\p1_data\val_50\27_468.png,27
..\p1_data\val_50\27_469.png,27
..\p1_data\val_50\27_470.png,27
..\p1_data\val_50\27_471.png,27
..\p1_data\val_50\27_472.png,27
..\p1_data\val_50\27_473.png,43
..\p1_data\val_50\27_474.png,48
..\p1_data\val_50\27_475.png,27
..\p1_data\val_50\27_476.png,27
..\p1_data\val_50\27_477.png,27
..\p1_data\val_50\27_478.png,27
..\p1_data\val_50\27_479.png,27
..\p1_data\val_50\27_480.png,27
..\p1_data\val_50\27_481.png,27
..\p1_data\val_50\27_482.png,27
..\p1_data\val_50\27_483.png,27
..\p1_data\val_50\27_484.png,27
..\p1_data\val_50\27_485.png,27
..\p1_data\val_50\27_486.png,27
..\p1_data\val_50\27_487.png,27
..\p1_data\val_50\27_488.png,20
..\p1_data\val_50\27_489.png,27
..\p1_data\val_50\27_490.png,27
..\p1_data\val_50\27_491.png,27
..\p1_data\val_50\27_492.png,27
..\p1_data\val_50\27_493.png,27
..\p1_data\val_50\27_494.png,27
..\p1_data\val_50\27_495.png,27
..\p1_data\val_50\27_496.png,27
..\p1_data\val_50\27_497.png,27
..\p1_data\val_50\27_498.png,27
..\p1_data\val_50\27_499.png,29
..\p1_data\val_50\28_450.png,47
..\p1_data\val_50\28_451.png,28
..\p1_data\val_50\28_452.png,28
..\p1_data\val_50\28_453.png,3
..\p1_data\val_50\28_454.png,28
..\p1_data\val_50\28_455.png,28
..\p1_data\val_50\28_456.png,28
..\p1_data\val_50\28_457.png,28
..\p1_data\val_50\28_458.png,28
..\p1_data\val_50\28_459.png,28
..\p1_data\val_50\28_460.png,28
..\p1_data\val_50\28_461.png,28
..\p1_data\val_50\28_462.png,28
..\p1_data\val_50\28_463.png,28
..\p1_data\val_50\28_464.png,28
..\p1_data\val_50\28_465.png,28
..\p1_data\val_50\28_466.png,28
..\p1_data\val_50\28_467.png,28
..\p1_data\val_50\28_468.png,28
..\p1_data\val_50\28_469.png,28
..\p1_data\val_50\28_470.png,28
..\p1_data\val_50\28_471.png,28
..\p1_data\val_50\28_472.png,28
..\p1_data\val_50\28_473.png,28
..\p1_data\val_50\28_474.png,28
..\p1_data\val_50\28_475.png,28
..\p1_data\val_50\28_476.png,28
..\p1_data\val_50\28_477.png,28
..\p1_data\val_50\28_478.png,28
..\p1_data\val_50\28_479.png,28
..\p1_data\val_50\28_480.png,28
..\p1_data\val_50\28_481.png,28
..\p1_data\val_50\28_482.png,28
..\p1_data\val_50\28_483.png,28
..\p1_data\val_50\28_484.png,28
..\p1_data\val_50\28_485.png,28
..\p1_data\val_50\28_486.png,28
..\p1_data\val_50\28_487.png,28
..\p1_data\val_50\28_488.png,28
..\p1_data\val_50\28_489.png,28
..\p1_data\val_50\28_490.png,28
..\p1_data\val_50\28_491.png,28
..\p1_data\val_50\28_492.png,28
..\p1_data\val_50\28_493.png,28
..\p1_data\val_50\28_494.png,28
..\p1_data\val_50\28_495.png,28
..\p1_data\val_50\28_496.png,28
..\p1_data\val_50\28_497.png,28
..\p1_data\val_50\28_498.png,29
..\p1_data\val_50\28_499.png,28
..\p1_data\val_50\29_450.png,29
..\p1_data\val_50\29_451.png,29
..\p1_data\val_50\29_452.png,29
..\p1_data\val_50\29_453.png,29
..\p1_data\val_50\29_454.png,29
..\p1_data\val_50\29_455.png,29
..\p1_data\val_50\29_456.png,41
..\p1_data\val_50\29_457.png,35
..\p1_data\val_50\29_458.png,41
..\p1_data\val_50\29_459.png,35
..\p1_data\val_50\29_460.png,29
..\p1_data\val_50\29_461.png,29
..\p1_data\val_50\29_462.png,29
..\p1_data\val_50\29_463.png,29
..\p1_data\val_50\29_464.png,41
..\p1_data\val_50\29_465.png,29
..\p1_data\val_50\29_466.png,41
..\p1_data\val_50\29_467.png,29
..\p1_data\val_50\29_468.png,29
..\p1_data\val_50\29_469.png,12
..\p1_data\val_50\29_470.png,35
..\p1_data\val_50\29_471.png,29
..\p1_data\val_50\29_472.png,41
..\p1_data\val_50\29_473.png,29
..\p1_data\val_50\29_474.png,41
..\p1_data\val_50\29_475.png,29
..\p1_data\val_50\29_476.png,30
..\p1_data\val_50\29_477.png,29
..\p1_data\val_50\29_478.png,41
..\p1_data\val_50\29_479.png,10
..\p1_data\val_50\29_480.png,38
..\p1_data\val_50\29_481.png,29
..\p1_data\val_50\29_482.png,41
..\p1_data\val_50\29_483.png,29
..\p1_data\val_50\29_484.png,29
..\p1_data\val_50\29_485.png,29
..\p1_data\val_50\29_486.png,29
..\p1_data\val_50\29_487.png,35
..\p1_data\val_50\29_488.png,29
..\p1_data\val_50\29_489.png,35
..\p1_data\val_50\29_490.png,29
..\p1_data\val_50\29_491.png,19
..\p1_data\val_50\29_492.png,29
..\p1_data\val_50\29_493.png,29
..\p1_data\val_50\29_494.png,35
..\p1_data\val_50\29_495.png,29
..\p1_data\val_50\29_496.png,29
..\p1_data\val_50\29_497.png,29
..\p1_data\val_50\29_498.png,29
..\p1_data\val_50\29_499.png,29
..\p1_data\val_50\2_450.png,2
..\p1_data\val_50\2_451.png,2
..\p1_data\val_50\2_452.png,2
..\p1_data\val_50\2_453.png,2
..\p1_data\val_50\2_454.png,2
..\p1_data\val_50\2_455.png,2
..\p1_data\val_50\2_456.png,2
..\p1_data\val_50\2_457.png,2
..\p1_data\val_50\2_458.png,2
..\p1_data\val_50\2_459.png,2
..\p1_data\val_50\2_460.png,2
..\p1_data\val_50\2_461.png,2
..\p1_data\val_50\2_462.png,2
..\p1_data\val_50\2_463.png,2
..\p1_data\val_50\2_464.png,2
..\p1_data\val_50\2_465.png,2
..\p1_data\val_50\2_466.png,2
..\p1_data\val_50\2_467.png,2
..\p1_data\val_50\2_468.png,2
..\p1_data\val_50\2_469.png,2
..\p1_data\val_50\2_470.png,2
..\p1_data\val_50\2_471.png,2
..\p1_data\val_50\2_472.png,45
..\p1_data\val_50\2_473.png,2
..\p1_data\val_50\2_474.png,2
..\p1_data\val_50\2_475.png,2
..\p1_data\val_50\2_476.png,2
..\p1_data\val_50\2_477.png,2
..\p1_data\val_50\2_478.png,2
..\p1_data\val_50\2_479.png,11
..\p1_data\val_50\2_480.png,2
..\p1_data\val_50\2_481.png,2
..\p1_data\val_50\2_482.png,2
..\p1_data\val_50\2_483.png,2
..\p1_data\val_50\2_484.png,2
..\p1_data\val_50\2_485.png,2
..\p1_data\val_50\2_486.png,2
..\p1_data\val_50\2_487.png,29
..\p1_data\val_50\2_488.png,24
..\p1_data\val_50\2_489.png,11
..\p1_data\val_50\2_490.png,2
..\p1_data\val_50\2_491.png,2
..\p1_data\val_50\2_492.png,2
..\p1_data\val_50\2_493.png,2
..\p1_data\val_50\2_494.png,2
..\p1_data\val_50\2_495.png,2
..\p1_data\val_50\2_496.png,2
..\p1_data\val_50\2_497.png,2
..\p1_data\val_50\2_498.png,2
..\p1_data\val_50\2_499.png,23
..\p1_data\val_50\30_450.png,30
..\p1_data\val_50\30_451.png,30
..\p1_data\val_50\30_452.png,30
..\p1_data\val_50\30_453.png,30
..\p1_data\val_50\30_454.png,30
..\p1_data\val_50\30_455.png,30
..\p1_data\val_50\30_456.png,30
..\p1_data\val_50\30_457.png,30
..\p1_data\val_50\30_458.png,30
..\p1_data\val_50\30_459.png,30
..\p1_data\val_50\30_460.png,30
..\p1_data\val_50\30_461.png,30
..\p1_data\val_50\30_462.png,30
..\p1_data\val_50\30_463.png,30
..\p1_data\val_50\30_464.png,24
..\p1_data\val_50\30_465.png,30
..\p1_data\val_50\30_466.png,30
..\p1_data\val_50\30_467.png,30
..\p1_data\val_50\30_468.png,30
..\p1_data\val_50\30_469.png,4
..\p1_data\val_50\30_470.png,30
..\p1_data\val_50\30_471.png,30
..\p1_data\val_50\30_472.png,27
..\p1_data\val_50\30_473.png,30
..\p1_data\val_50\30_474.png,30
..\p1_data\val_50\30_475.png,30
..\p1_data\val_50\30_476.png,16
..\p1_data\val_50\30_477.png,30
..\p1_data\val_50\30_478.png,16
..\p1_data\val_50\30_479.png,30
..\p1_data\val_50\30_480.png,30
..\p1_data\val_50\30_481.png,30
..\p1_data\val_50\30_482.png,8
..\p1_data\val_50\30_483.png,30
..\p1_data\val_50\30_484.png,30
..\p1_data\val_50\30_485.png,30
..\p1_data\val_50\30_486.png,30
..\p1_data\val_50\30_487.png,8
..\p1_data\val_50\30_488.png,30
..\p1_data\val_50\30_489.png,30
..\p1_data\val_50\30_490.png,30
..\p1_data\val_50\30_491.png,30
..\p1_data\val_50\30_492.png,30
..\p1_data\val_50\30_493.png,30
..\p1_data\val_50\30_494.png,30
..\p1_data\val_50\30_495.png,30
..\p1_data\val_50\30_496.png,30
..\p1_data\val_50\30_497.png,30
..\p1_data\val_50\30_498.png,30
..\p1_data\val_50\30_499.png,30
..\p1_data\val_50\31_450.png,31
..\p1_data\val_50\31_451.png,31
..\p1_data\val_50\31_452.png,4
..\p1_data\val_50\31_453.png,31
..\p1_data\val_50\31_454.png,31
..\p1_data\val_50\31_455.png,31
..\p1_data\val_50\31_456.png,31
..\p1_data\val_50\31_457.png,31
..\p1_data\val_50\31_458.png,31
..\p1_data\val_50\31_459.png,31
..\p1_data\val_50\31_460.png,31
..\p1_data\val_50\31_461.png,31
..\p1_data\val_50\31_462.png,31
..\p1_data\val_50\31_463.png,31
..\p1_data\val_50\31_464.png,31
..\p1_data\val_50\31_465.png,31
..\p1_data\val_50\31_466.png,31
..\p1_data\val_50\31_467.png,31
..\p1_data\val_50\31_468.png,31
..\p1_data\val_50\31_469.png,31
..\p1_data\val_50\31_470.png,31
..\p1_data\val_50\31_471.png,31
..\p1_data\val_50\31_472.png,31
..\p1_data\val_50\31_473.png,31
..\p1_data\val_50\31_474.png,31
..\p1_data\val_50\31_475.png,31
..\p1_data\val_50\31_476.png,31
..\p1_data\val_50\31_477.png,31
..\p1_data\val_50\31_478.png,31
..\p1_data\val_50\31_479.png,31
..\p1_data\val_50\31_480.png,31
..\p1_data\val_50\31_481.png,31
..\p1_data\val_50\31_482.png,31
..\p1_data\val_50\31_483.png,31
..\p1_data\val_50\31_484.png,12
..\p1_data\val_50\31_485.png,31
..\p1_data\val_50\31_486.png,31
..\p1_data\val_50\31_487.png,31
..\p1_data\val_50\31_488.png,31
..\p1_data\val_50\31_489.png,31
..\p1_data\val_50\31_490.png,31
..\p1_data\val_50\31_491.png,31
..\p1_data\val_50\31_492.png,31
..\p1_data\val_50\31_493.png,31
..\p1_data\val_50\31_494.png,31
..\p1_data\val_50\31_495.png,31
..\p1_data\val_50\31_496.png,42
..\p1_data\val_50\31_497.png,31
..\p1_data\val_50\31_498.png,31
..\p1_data\val_50\31_499.png,31
..\p1_data\val_50\32_450.png,32
..\p1_data\val_50\32_451.png,32
..\p1_data\val_50\32_452.png,32
..\p1_data\val_50\32_453.png,32
..\p1_data\val_50\32_454.png,32
..\p1_data\val_50\32_455.png,46
..\p1_data\val_50\32_456.png,32
..\p1_data\val_50\32_457.png,32
..\p1_data\val_50\32_458.png,32
..\p1_data\val_50\32_459.png,32
..\p1_data\val_50\32_460.png,46
..\p1_data\val_50\32_461.png,32
..\p1_data\val_50\32_462.png,32
..\p1_data\val_50\32_463.png,32
..\p1_data\val_50\32_464.png,46
..\p1_data\val_50\32_465.png,32
..\p1_data\val_50\32_466.png,46
..\p1_data\val_50\32_467.png,32
..\p1_data\val_50\32_468.png,32
..\p1_data\val_50\32_469.png,32
..\p1_data\val_50\32_470.png,32
..\p1_data\val_50\32_471.png,32
..\p1_data\val_50\32_472.png,32
..\p1_data\val_50\32_473.png,32
..\p1_data\val_50\32_474.png,32
..\p1_data\val_50\32_475.png,32
..\p1_data\val_50\32_476.png,32
..\p1_data\val_50\32_477.png,32
..\p1_data\val_50\32_478.png,46
..\p1_data\val_50\32_479.png,32
..\p1_data\val_50\32_480.png,32
..\p1_data\val_50\32_481.png,32
..\p1_data\val_50\32_482.png,32
..\p1_data\val_50\32_483.png,32
..\p1_data\val_50\32_484.png,32
..\p1_data\val_50\32_485.png,46
..\p1_data\val_50\32_486.png,32
..\p1_data\val_50\32_487.png,40
..\p1_data\val_50\32_488.png,24
..\p1_data\val_50\32_489.png,32
..\p1_data\val_50\32_490.png,32
..\p1_data\val_50\32_491.png,32
..\p1_data\val_50\32_492.png,32
..\p1_data\val_50\32_493.png,46
..\p1_data\val_50\32_494.png,29
..\p1_data\val_50\32_495.png,32
..\p1_data\val_50\32_496.png,32
..\p1_data\val_50\32_497.png,32
..\p1_data\val_50\32_498.png,32
..\p1_data\val_50\32_499.png,46
..\p1_data\val_50\33_450.png,33
..\p1_data\val_50\33_451.png,33
..\p1_data\val_50\33_452.png,33
..\p1_data\val_50\33_453.png,33
..\p1_data\val_50\33_454.png,33
..\p1_data\val_50\33_455.png,33
..\p1_data\val_50\33_456.png,33
..\p1_data\val_50\33_457.png,40
..\p1_data\val_50\33_458.png,3
..\p1_data\val_50\33_459.png,33
..\p1_data\val_50\33_460.png,33
..\p1_data\val_50\33_461.png,33
..\p1_data\val_50\33_462.png,28
..\p1_data\val_50\33_463.png,33
..\p1_data\val_50\33_464.png,33
..\p1_data\val_50\33_465.png,33
..\p1_data\val_50\33_466.png,8
..\p1_data\val_50\33_467.png,33
..\p1_data\val_50\33_468.png,33
..\p1_data\val_50\33_469.png,33
..\p1_data\val_50\33_470.png,8
..\p1_data\val_50\33_471.png,33
..\p1_data\val_50\33_472.png,8
..\p1_data\val_50\33_473.png,33
..\p1_data\val_50\33_474.png,15
..\p1_data\val_50\33_475.png,33
..\p1_data\val_50\33_476.png,33
..\p1_data\val_50\33_477.png,33
..\p1_data\val_50\33_478.png,17
..\p1_data\val_50\33_479.png,33
..\p1_data\val_50\33_480.png,33
..\p1_data\val_50\33_481.png,33
..\p1_data\val_50\33_482.png,33
..\p1_data\val_50\33_483.png,33
..\p1_data\val_50\33_484.png,33
..\p1_data\val_50\33_485.png,33
..\p1_data\val_50\33_486.png,33
..\p1_data\val_50\33_487.png,17
..\p1_data\val_50\33_488.png,33
..\p1_data\val_50\33_489.png,33
..\p1_data\val_50\33_490.png,33
..\p1_data\val_50\33_491.png,3
..\p1_data\val_50\33_492.png,33
..\p1_data\val_50\33_493.png,33
..\p1_data\val_50\33_494.png,33
..\p1_data\val_50\33_495.png,33
..\p1_data\val_50\33_496.png,33
..\p1_data\val_50\33_497.png,33
..\p1_data\val_50\33_498.png,33
..\p1_data\val_50\33_499.png,33
..\p1_data\val_50\34_450.png,34
..\p1_data\val_50\34_451.png,34
..\p1_data\val_50\34_452.png,34
..\p1_data\val_50\34_453.png,34
..\p1_data\val_50\34_454.png,34
..\p1_data\val_50\34_455.png,34
..\p1_data\val_50\34_456.png,34
..\p1_data\val_50\34_457.png,34
..\p1_data\val_50\34_458.png,34
..\p1_data\val_50\34_459.png,34
..\p1_data\val_50\34_460.png,34
..\p1_data\val_50\34_461.png,34
..\p1_data\val_50\34_462.png,24
..\p1_data\val_50\34_463.png,34
..\p1_data\val_50\34_464.png,34
..\p1_data\val_50\34_465.png,34
..\p1_data\val_50\34_466.png,34
..\p1_data\val_50\34_467.png,34
..\p1_data\val_50\34_468.png,34
..\p1_data\val_50\34_469.png,34
..\p1_data\val_50\34_470.png,34
..\p1_data\val_50\34_471.png,34
..\p1_data\val_50\34_472.png,34
..\p1_data\val_50\34_473.png,34
..\p1_data\val_50\34_474.png,34
..\p1_data\val_50\34_475.png,34
..\p1_data\val_50\34_476.png,34
..\p1_data\val_50\34_477.png,34
..\p1_data\val_50\34_478.png,34
..\p1_data\val_50\34_479.png,34
..\p1_data\val_50\34_480.png,34
..\p1_data\val_50\34_481.png,34
..\p1_data\val_50\34_482.png,24
..\p1_data\val_50\34_483.png,34
..\p1_data\val_50\34_484.png,34
..\p1_data\val_50\34_485.png,34
..\p1_data\val_50\34_486.png,23
..\p1_data\val_50\34_487.png,34
..\p1_data\val_50\34_488.png,34
..\p1_data\val_50\34_489.png,38
..\p1_data\val_50\34_490.png,34
..\p1_data\val_50\34_491.png,34
..\p1_data\val_50\34_492.png,24
..\p1_data\val_50\34_493.png,34
..\p1_data\val_50\34_494.png,34
..\p1_data\val_50\34_495.png,34
..\p1_data\val_50\34_496.png,34
..\p1_data\val_50\34_497.png,34
..\p1_data\val_50\34_498.png,34
..\p1_data\val_50\34_499.png,34
..\p1_data\val_50\35_450.png,35
..\p1_data\val_50\35_451.png,10
..\p1_data\val_50\35_452.png,35
..\p1_data\val_50\35_453.png,35
..\p1_data\val_50\35_454.png,35
..\p1_data\val_50\35_455.png,35
..\p1_data\val_50\35_456.png,10
..\p1_data\val_50\35_457.png,10
..\p1_data\val_50\35_458.png,10
..\p1_data\val_50\35_459.png,41
..\p1_data\val_50\35_460.png,35
..\p1_data\val_50\35_461.png,10
..\p1_data\val_50\35_462.png,35
..\p1_data\val_50\35_463.png,10
..\p1_data\val_50\35_464.png,41
..\p1_data\val_50\35_465.png,41
..\p1_data\val_50\35_466.png,10
..\p1_data\val_50\35_467.png,41
..\p1_data\val_50\35_468.png,35
..\p1_data\val_50\35_469.png,35
..\p1_data\val_50\35_470.png,35
..\p1_data\val_50\35_471.png,35
..\p1_data\val_50\35_472.png,10
..\p1_data\val_50\35_473.png,35
..\p1_data\val_50\35_474.png,35
..\p1_data\val_50\35_475.png,35
..\p1_data\val_50\35_476.png,21
..\p1_data\val_50\35_477.png,35
..\p1_data\val_50\35_478.png,41
..\p1_data\val_50\35_479.png,10
..\p1_data\val_50\35_480.png,35
..\p1_data\val_50\35_481.png,35
..\p1_data\val_50\35_482.png,35
..\p1_data\val_50\35_483.png,35
..\p1_data\val_50\35_484.png,35
..\p1_data\val_50\35_485.png,35
..\p1_data\val_50\35_486.png,35
..\p1_data\val_50\35_487.png,35
..\p1_data\val_50\35_488.png,31
..\p1_data\val_50\35_489.png,35
..\p1_data\val_50\35_490.png,35
..\p1_data\val_50\35_491.png,35
..\p1_data\val_50\35_492.png,35
..\p1_data\val_50\35_493.png,35
..\p1_data\val_50\35_494.png,41
..\p1_data\val_50\35_495.png,29
..\p1_data\val_50\35_496.png,35
..\p1_data\val_50\35_497.png,10
..\p1_data\val_50\35_498.png,29
..\p1_data\val_50\35_499.png,10
..\p1_data\val_50\36_450.png,36
..\p1_data\val_50\36_451.png,36
..\p1_data\val_50\36_452.png,36
..\p1_data\val_50\36_453.png,36
..\p1_data\val_50\36_454.png,36
..\p1_data\val_50\36_455.png,36
..\p1_data\val_50\36_456.png,13
..\p1_data\val_50\36_457.png,36
..\p1_data\val_50\36_458.png,36
..\p1_data\val_50\36_459.png,36
..\p1_data\val_50\36_460.png,3
..\p1_data\val_50\36_461.png,36
..\p1_data\val_50\36_462.png,36
..\p1_data\val_50\36_463.png,36
..\p1_data\val_50\36_464.png,36
..\p1_data\val_50\36_465.png,36
..\p1_data\val_50\36_466.png,36
..\p1_data\val_50\36_467.png,36
..\p1_data\val_50\36_468.png,36
..\p1_data\val_50\36_469.png,36
..\p1_data\val_50\36_470.png,47
..\p1_data\val_50\36_471.png,36
..\p1_data\val_50\36_472.png,36
..\p1_data\val_50\36_473.png,36
..\p1_data\val_50\36_474.png,36
..\p1_data\val_50\36_475.png,36
..\p1_data\val_50\36_476.png,8
..\p1_data\val_50\36_477.png,36
..\p1_data\val_50\36_478.png,36
..\p1_data\val_50\36_479.png,43
..\p1_data\val_50\36_480.png,19
..\p1_data\val_50\36_481.png,36
..\p1_data\val_50\36_482.png,36
..\p1_data\val_50\36_483.png,36
..\p1_data\val_50\36_484.png,36
..\p1_data\val_50\36_485.png,33
..\p1_data\val_50\36_486.png,36
..\p1_data\val_50\36_487.png,36
..\p1_data\val_50\36_488.png,36
..\p1_data\val_50\36_489.png,43
..\p1_data\val_50\36_490.png,36
..\p1_data\val_50\36_491.png,36
..\p1_data\val_50\36_492.png,36
..\p1_data\val_50\36_493.png,36
..\p1_data\val_50\36_494.png,36
..\p1_data\val_50\36_495.png,36
..\p1_data\val_50\36_496.png,17
..\p1_data\val_50\36_497.png,47
..\p1_data\val_50\36_498.png,36
..\p1_data\val_50\36_499.png,36
..\p1_data\val_50\37_450.png,37
..\p1_data\val_50\37_451.png,20
..\p1_data\val_50\37_452.png,37
..\p1_data\val_50\37_453.png,37
..\p1_data\val_50\37_454.png,37
..\p1_data\val_50\37_455.png,37
..\p1_data\val_50\37_456.png,37
..\p1_data\val_50\37_457.png,37
..\p1_data\val_50\37_458.png,37
..\p1_data\val_50\37_459.png,37
..\p1_data\val_50\37_460.png,37
..\p1_data\val_50\37_461.png,37
..\p1_data\val_50\37_462.png,37
..\p1_data\val_50\37_463.png,19
..\p1_data\val_50\37_464.png,37
..\p1_data\val_50\37_465.png,4
..\p1_data\val_50\37_466.png,36
..\p1_data\val_50\37_467.png,37
..\p1_data\val_50\37_468.png,37
..\p1_data\val_50\37_469.png,26
..\p1_data\val_50\37_470.png,37
..\p1_data\val_50\37_471.png,37
..\p1_data\val_50\37_472.png,37
..\p1_data\val_50\37_473.png,37
..\p1_data\val_50\37_474.png,37
..\p1_data\val_50\37_475.png,37
..\p1_data\val_50\37_476.png,37
..\p1_data\val_50\37_477.png,37
..\p1_data\val_50\37_478.png,37
..\p1_data\val_50\37_479.png,37
..\p1_data\val_50\37_480.png,26
..\p1_data\val_50\37_481.png,9
..\p1_data\val_50\37_482.png,37
..\p1_data\val_50\37_483.png,37
..\p1_data\val_50\37_484.png,37
..\p1_data\val_50\37_485.png,14
..\p1_data\val_50\37_486.png,37
..\p1_data\val_50\37_487.png,41
..\p1_data\val_50\37_488.png,37
..\p1_data\val_50\37_489.png,37
..\p1_data\val_50\37_490.png,37
..\p1_data\val_50\37_491.png,37
..\p1_data\val_50\37_492.png,37
..\p1_data\val_50\37_493.png,31
..\p1_data\val_50\37_494.png,13
..\p1_data\val_50\37_495.png,37
..\p1_data\val_50\37_496.png,37
..\p1_data\val_50\37_497.png,37
..\p1_data\val_50\37_498.png,37
..\p1_data\val_50\37_499.png,37
..\p1_data\val_50\38_450.png,38
..\p1_data\val_50\38_451.png,38
..\p1_data\val_50\38_452.png,38
..\p1_data\val_50\38_453.png,38
..\p1_data\val_50\38_454.png,38
..\p1_data\val_50\38_455.png,38
..\p1_data\val_50\38_456.png,38
..\p1_data\val_50\38_457.png,38
..\p1_data\val_50\38_458.png,38
..\p1_data\val_50\38_459.png,38
..\p1_data\val_50\38_460.png,38
..\p1_data\val_50\38_461.png,38
..\p1_data\val_50\38_462.png,38
..\p1_data\val_50\38_463.png,38
..\p1_data\val_50\38_464.png,38
..\p1_data\val_50\38_465.png,38
..\p1_data\val_50\38_466.png,38
..\p1_data\val_50\38_467.png,38
..\p1_data\val_50\38_468.png,38
..\p1_data\val_50\38_469.png,38
..\p1_data\val_50\38_470.png,38
..\p1_data\val_50\38_471.png,38
..\p1_data\val_50\38_472.png,38
..\p1_data\val_50\38_473.png,38
..\p1_data\val_50\38_474.png,38
..\p1_data\val_50\38_475.png,38
..\p1_data\val_50\38_476.png,38
..\p1_data\val_50\38_477.png,38
..\p1_data\val_50\38_478.png,38
..\p1_data\val_50\38_479.png,38
..\p1_data\val_50\38_480.png,38
..\p1_data\val_50\38_481.png,38
..\p1_data\val_50\38_482.png,38
..\p1_data\val_50\38_483.png,6
..\p1_data\val_50\38_484.png,38
..\p1_data\val_50\38_485.png,38
..\p1_data\val_50\38_486.png,38
..\p1_data\val_50\38_487.png,38
..\p1_data\val_50\38_488.png,38
..\p1_data\val_50\38_489.png,38
..\p1_data\val_50\38_490.png,38
..\p1_data\val_50\38_491.png,38
..\p1_data\val_50\38_492.png,38
..\p1_data\val_50\38_493.png,38
..\p1_data\val_50\38_494.png,38
..\p1_data\val_50\38_495.png,38
..\p1_data\val_50\38_496.png,38
..\p1_data\val_50\38_497.png,34
..\p1_data\val_50\38_498.png,38
..\p1_data\val_50\38_499.png,38
..\p1_data\val_50\39_450.png,39
..\p1_data\val_50\39_451.png,39
..\p1_data\val_50\39_452.png,39
..\p1_data\val_50\39_453.png,39
..\p1_data\val_50\39_454.png,39
..\p1_data\val_50\39_455.png,39
..\p1_data\val_50\39_456.png,39
..\p1_data\val_50\39_457.png,23
..\p1_data\val_50\39_458.png,39
..\p1_data\val_50\39_459.png,39
..\p1_data\val_50\39_460.png,4
..\p1_data\val_50\39_461.png,39
..\p1_data\val_50\39_462.png,39
..\p1_data\val_50\39_463.png,39
..\p1_data\val_50\39_464.png,39
..\p1_data\val_50\39_465.png,39
..\p1_data\val_50\39_466.png,39
..\p1_data\val_50\39_467.png,39
..\p1_data\val_50\39_468.png,39
..\p1_data\val_50\39_469.png,39
..\p1_data\val_50\39_470.png,39
..\p1_data\val_50\39_471.png,39
..\p1_data\val_50\39_472.png,39
..\p1_data\val_50\39_473.png,39
..\p1_data\val_50\39_474.png,39
..\p1_data\val_50\39_475.png,39
..\p1_data\val_50\39_476.png,39
..\p1_data\val_50\39_477.png,39
..\p1_data\val_50\39_478.png,39
..\p1_data\val_50\39_479.png,39
..\p1_data\val_50\39_480.png,13
..\p1_data\val_50\39_481.png,39
..\p1_data\val_50\39_482.png,39
..\p1_data\val_50\39_483.png,39
..\p1_data\val_50\39_484.png,39
..\p1_data\val_50\39_485.png,39
..\p1_data\val_50\39_486.png,39
..\p1_data\val_50\39_487.png,39
..\p1_data\val_50\39_488.png,39
..\p1_data\val_50\39_489.png,39
..\p1_data\val_50\39_490.png,39
..\p1_data\val_50\39_491.png,39
..\p1_data\val_50\39_492.png,39
..\p1_data\val_50\39_493.png,39
..\p1_data\val_50\39_494.png,39
..\p1_data\val_50\39_495.png,39
..\p1_data\val_50\39_496.png,23
..\p1_data\val_50\39_497.png,23
..\p1_data\val_50\39_498.png,39
..\p1_data\val_50\39_499.png,39
..\p1_data\val_50\3_450.png,3
..\p1_data\val_50\3_451.png,3
..\p1_data\val_50\3_452.png,3
..\p1_data\val_50\3_453.png,47
..\p1_data\val_50\3_454.png,3
..\p1_data\val_50\3_455.png,3
..\p1_data\val_50\3_456.png,3
..\p1_data\val_50\3_457.png,3
..\p1_data\val_50\3_458.png,3
..\p1_data\val_50\3_459.png,3
..\p1_data\val_50\3_460.png,4
..\p1_data\val_50\3_461.png,3
..\p1_data\val_50\3_462.png,3
..\p1_data\val_50\3_463.png,8
..\p1_data\val_50\3_464.png,45
..\p1_data\val_50\3_465.png,3
..\p1_data\val_50\3_466.png,3
..\p1_data\val_50\3_467.png,3
..\p1_data\val_50\3_468.png,3
..\p1_data\val_50\3_469.png,3
..\p1_data\val_50\3_470.png,36
..\p1_data\val_50\3_471.png,3
..\p1_data\val_50\3_472.png,3
..\p1_data\val_50\3_473.png,3
..\p1_data\val_50\3_474.png,3
..\p1_data\val_50\3_475.png,3
..\p1_data\val_50\3_476.png,3
..\p1_data\val_50\3_477.png,3
..\p1_data\val_50\3_478.png,40
..\p1_data\val_50\3_479.png,36
..\p1_data\val_50\3_480.png,3
..\p1_data\val_50\3_481.png,3
..\p1_data\val_50\3_482.png,3
..\p1_data\val_50\3_483.png,3
..\p1_data\val_50\3_484.png,3
..\p1_data\val_50\3_485.png,3
..\p1_data\val_50\3_486.png,3
..\p1_data\val_50\3_487.png,33
..\p1_data\val_50\3_488.png,5
..\p1_data\val_50\3_489.png,3
..\p1_data\val_50\3_490.png,3
..\p1_data\val_50\3_491.png,3
..\p1_data\val_50\3_492.png,3
..\p1_data\val_50\3_493.png,7
..\p1_data\val_50\3_494.png,3
..\p1_data\val_50\3_495.png,3
..\p1_data\val_50\3_496.png,3
..\p1_data\val_50\3_497.png,3
..\p1_data\val_50\3_498.png,3
..\p1_data\val_50\3_499.png,3
..\p1_data\val_50\40_450.png,9
..\p1_data\val_50\40_451.png,9
..\p1_data\val_50\40_452.png,9
..\p1_data\val_50\40_453.png,40
..\p1_data\val_50\40_454.png,31
..\p1_data\val_50\40_455.png,12
..\p1_data\val_50\40_456.png,31
..\p1_data\val_50\40_457.png,40
..\p1_data\val_50\40_458.png,9
..\p1_data\val_50\40_459.png,40
..\p1_data\val_50\40_460.png,9
..\p1_data\val_50\40_461.png,9
..\p1_data\val_50\40_462.png,9
..\p1_data\val_50\40_463.png,40
..\p1_data\val_50\40_464.png,40
..\p1_data\val_50\40_465.png,40
..\p1_data\val_50\40_466.png,40
..\p1_data\val_50\40_467.png,40
..\p1_data\val_50\40_468.png,40
..\p1_data\val_50\40_469.png,40
..\p1_data\val_50\40_470.png,26
..\p1_data\val_50\40_471.png,40
..\p1_data\val_50\40_472.png,40
..\p1_data\val_50\40_473.png,40
..\p1_data\val_50\40_474.png,40
..\p1_data\val_50\40_475.png,40
..\p1_data\val_50\40_476.png,40
..\p1_data\val_50\40_477.png,46
..\p1_data\val_50\40_478.png,40
..\p1_data\val_50\40_479.png,1
..\p1_data\val_50\40_480.png,40
..\p1_data\val_50\40_481.png,36
..\p1_data\val_50\40_482.png,40
..\p1_data\val_50\40_483.png,47
..\p1_data\val_50\40_484.png,40
..\p1_data\val_50\40_485.png,40
..\p1_data\val_50\40_486.png,9
..\p1_data\val_50\40_487.png,40
..\p1_data\val_50\40_488.png,40
..\p1_data\val_50\40_489.png,40
..\p1_data\val_50\40_490.png,40
..\p1_data\val_50\40_491.png,40
..\p1_data\val_50\40_492.png,9
..\p1_data\val_50\40_493.png,40
..\p1_data\val_50\40_494.png,40
..\p1_data\val_50\40_495.png,9
..\p1_data\val_50\40_496.png,40
..\p1_data\val_50\40_497.png,40
..\p1_data\val_50\40_498.png,31
..\p1_data\val_50\40_499.png,34
..\p1_data\val_50\41_450.png,29
..\p1_data\val_50\41_451.png,29
..\p1_data\val_50\41_452.png,10
..\p1_data\val_50\41_453.png,41
..\p1_data\val_50\41_454.png,41
..\p1_data\val_50\41_455.png,35
..\p1_data\val_50\41_456.png,41
..\p1_data\val_50\41_457.png,41
..\p1_data\val_50\41_458.png,29
..\p1_data\val_50\41_459.png,10
..\p1_data\val_50\41_460.png,41
..\p1_data\val_50\41_461.png,41
..\p1_data\val_50\41_462.png,41
..\p1_data\val_50\41_463.png,41
..\p1_data\val_50\41_464.png,41
..\p1_data\val_50\41_465.png,41
..\p1_data\val_50\41_466.png,29
..\p1_data\val_50\41_467.png,35
..\p1_data\val_50\41_468.png,41
..\p1_data\val_50\41_469.png,35
..\p1_data\val_50\41_470.png,27
..\p1_data\val_50\41_471.png,35
..\p1_data\val_50\41_472.png,41
..\p1_data\val_50\41_473.png,10
..\p1_data\val_50\41_474.png,35
..\p1_data\val_50\41_475.png,41
..\p1_data\val_50\41_476.png,29
..\p1_data\val_50\41_477.png,35
..\p1_data\val_50\41_478.png,41
..\p1_data\val_50\41_479.png,43
..\p1_data\val_50\41_480.png,10
..\p1_data\val_50\41_481.png,29
..\p1_data\val_50\41_482.png,41
..\p1_data\val_50\41_483.png,41
..\p1_data\val_50\41_484.png,41
..\p1_data\val_50\41_485.png,10
..\p1_data\val_50\41_486.png,10
..\p1_data\val_50\41_487.png,29
..\p1_data\val_50\41_488.png,41
..\p1_data\val_50\41_489.png,35
..\p1_data\val_50\41_490.png,35
..\p1_data\val_50\41_491.png,41
..\p1_data\val_50\41_492.png,41
..\p1_data\val_50\41_493.png,41
..\p1_data\val_50\41_494.png,41
..\p1_data\val_50\41_495.png,41
..\p1_data\val_50\41_496.png,41
..\p1_data\val_50\41_497.png,29
..\p1_data\val_50\41_498.png,29
..\p1_data\val_50\41_499.png,35
..\p1_data\val_50\42_450.png,19
..\p1_data\val_50\42_451.png,42
..\p1_data\val_50\42_452.png,42
..\p1_data\val_50\42_453.png,42
..\p1_data\val_50\42_454.png,42
..\p1_data\val_50\42_455.png,42
..\p1_data\val_50\42_456.png,42
..\p1_data\val_50\42_457.png,42
..\p1_data\val_50\42_458.png,42
..\p1_data\val_50\42_459.png,42
..\p1_data\val_50\42_460.png,42
..\p1_data\val_50\42_461.png,42
..\p1_data\val_50\42_462.png,42
..\p1_data\val_50\42_463.png,42
..\p1_data\val_50\42_464.png,42
..\p1_data\val_50\42_465.png,5
..\p1_data\val_50\42_466.png,42
..\p1_data\val_50\42_467.png,42
..\p1_data\val_50\42_468.png,42
..\p1_data\val_50\42_469.png,42
..\p1_data\val_50\42_470.png,42
..\p1_data\val_50\42_471.png,42
..\p1_data\val_50\42_472.png,42
..\p1_data\val_50\42_473.png,42
..\p1_data\val_50\42_474.png,42
..\p1_data\val_50\42_475.png,42
..\p1_data\val_50\42_476.png,42
..\p1_data\val_50\42_477.png,4
..\p1_data\val_50\42_478.png,42
..\p1_data\val_50\42_479.png,19
..\p1_data\val_50\42_480.png,42
..\p1_data\val_50\42_481.png,42
..\p1_data\val_50\42_482.png,5
..\p1_data\val_50\42_483.png,42
..\p1_data\val_50\42_484.png,42
..\p1_data\val_50\42_485.png,14
..\p1_data\val_50\42_486.png,42
..\p1_data\val_50\42_487.png,42
..\p1_data\val_50\42_488.png,42
..\p1_data\val_50\42_489.png,42
..\p1_data\val_50\42_490.png,42
..\p1_data\val_50\42_491.png,42
..\p1_data\val_50\42_492.png,42
..\p1_data\val_50\42_493.png,4
..\p1_data\val_50\42_494.png,42
..\p1_data\val_50\42_495.png,42
..\p1_data\val_50\42_496.png,42
..\p1_data\val_50\42_497.png,42
..\p1_data\val_50\42_498.png,42
..\p1_data\val_50\42_499.png,42
..\p1_data\val_50\43_450.png,43
..\p1_data\val_50\43_451.png,43
..\p1_data\val_50\43_452.png,43
..\p1_data\val_50\43_453.png,43
..\p1_data\val_50\43_454.png,43
..\p1_data\val_50\43_455.png,43
..\p1_data\val_50\43_456.png,43
..\p1_data\val_50\43_457.png,43
..\p1_data\val_50\43_458.png,43
..\p1_data\val_50\43_459.png,43
..\p1_data\val_50\43_460.png,43
..\p1_data\val_50\43_461.png,0
..\p1_data\val_50\43_462.png,43
..\p1_data\val_50\43_463.png,43
..\p1_data\val_50\43_464.png,43
..\p1_data\val_50\43_465.png,36
..\p1_data\val_50\43_466.png,43
..\p1_data\val_50\43_467.png,43
..\p1_data\val_50\43_468.png,43
..\p1_data\val_50\43_469.png,43
..\p1_data\val_50\43_470.png,38
..\p1_data\val_50\43_471.png,43
..\p1_data\val_50\43_472.png,43
..\p1_data\val_50\43_473.png,43
..\p1_data\val_50\43_474.png,43
..\p1_data\val_50\43_475.png,37
..\p1_data\val_50\43_476.png,43
..\p1_data\val_50\43_477.png,43
..\p1_data\val_50\43_478.png,43
..\p1_data\val_50\43_479.png,43
..\p1_data\val_50\43_480.png,43
..\p1_data\val_50\43_481.png,43
..\p1_data\val_50\43_482.png,43
..\p1_data\val_50\43_483.png,27
..\p1_data\val_50\43_484.png,43
..\p1_data\val_50\43_485.png,43
..\p1_data\val_50\43_486.png,43
..\p1_data\val_50\43_487.png,43
..\p1_data\val_50\43_488.png,43
..\p1_data\val_50\43_489.png,43
..\p1_data\val_50\43_490.png,43
..\p1_data\val_50\43_491.png,43
..\p1_data\val_50\43_492.png,43
..\p1_data\val_50\43_493.png,43
..\p1_data\val_50\43_494.png,43
..\p1_data\val_50\43_495.png,43
..\p1_data\val_50\43_496.png,43
..\p1_data\val_50\43_497.png,43
..\p1_data\val_50\43_498.png,43
..\p1_data\val_50\43_499.png,43
..\p1_data\val_50\44_450.png,44
..\p1_data\val_50\44_451.png,44
..\p1_data\val_50\44_452.png,44
..\p1_data\val_50\44_453.png,44
..\p1_data\val_50\44_454.png,44
..\p1_data\val_50\44_455.png,44
..\p1_data\val_50\44_456.png,44
..\p1_data\val_50\44_457.png,44
..\p1_data\val_50\44_458.png,44
..\p1_data\val_50\44_459.png,44
..\p1_data\val_50\44_460.png,44
..\p1_data\val_50\44_461.png,44
..\p1_data\val_50\44_462.png,44
..\p1_data\val_50\44_463.png,44
..\p1_data\val_50\44_464.png,44
..\p1_data\val_50\44_465.png,44
..\p1_data\val_50\44_466.png,44
..\p1_data\val_50\44_467.png,25
..\p1_data\val_50\44_468.png,44
..\p1_data\val_50\44_469.png,44
..\p1_data\val_50\44_470.png,44
..\p1_data\val_50\44_471.png,44
..\p1_data\val_50\44_472.png,33
..\p1_data\val_50\44_473.png,44
..\p1_data\val_50\44_474.png,44
..\p1_data\val_50\44_475.png,6
..\p1_data\val_50\44_476.png,44
..\p1_data\val_50\44_477.png,44
..\p1_data\val_50\44_478.png,48
..\p1_data\val_50\44_479.png,6
..\p1_data\val_50\44_480.png,44
..\p1_data\val_50\44_481.png,44
..\p1_data\val_50\44_482.png,44
..\p1_data\val_50\44_483.png,44
..\p1_data\val_50\44_484.png,44
..\p1_data\val_50\44_485.png,31
..\p1_data\val_50\44_486.png,44
..\p1_data\val_50\44_487.png,44
..\p1_data\val_50\44_488.png,44
..\p1_data\val_50\44_489.png,44
..\p1_data\val_50\44_490.png,44
..\p1_data\val_50\44_491.png,44
..\p1_data\val_50\44_492.png,44
..\p1_data\val_50\44_493.png,44
..\p1_data\val_50\44_494.png,44
..\p1_data\val_50\44_495.png,44
..\p1_data\val_50\44_496.png,44
..\p1_data\val_50\44_497.png,44
..\p1_data\val_50\44_498.png,44
..\p1_data\val_50\44_499.png,44
..\p1_data\val_50\45_450.png,45
..\p1_data\val_50\45_451.png,45
..\p1_data\val_50\45_452.png,45
..\p1_data\val_50\45_453.png,45
..\p1_data\val_50\45_454.png,45
..\p1_data\val_50\45_455.png,45
..\p1_data\val_50\45_456.png,45
..\p1_data\val_50\45_457.png,45
..\p1_data\val_50\45_458.png,45
..\p1_data\val_50\45_459.png,45
..\p1_data\val_50\45_460.png,45
..\p1_data\val_50\45_461.png,7
..\p1_data\val_50\45_462.png,45
..\p1_data\val_50\45_463.png,45
..\p1_data\val_50\45_464.png,45
..\p1_data\val_50\45_465.png,45
..\p1_data\val_50\45_466.png,45
..\p1_data\val_50\45_467.png,45
..\p1_data\val_50\45_468.png,45
..\p1_data\val_50\45_469.png,45
..\p1_data\val_50\45_470.png,47
..\p1_data\val_50\45_471.png,45
..\p1_data\val_50\45_472.png,45
..\p1_data\val_50\45_473.png,45
..\p1_data\val_50\45_474.png,45
..\p1_data\val_50\45_475.png,45
..\p1_data\val_50\45_476.png,45
..\p1_data\val_50\45_477.png,45
..\p1_data\val_50\45_478.png,45
..\p1_data\val_50\45_479.png,45
..\p1_data\val_50\45_480.png,45
..\p1_data\val_50\45_481.png,45
..\p1_data\val_50\45_482.png,45
..\p1_data\val_50\45_483.png,45
..\p1_data\val_50\45_484.png,45
..\p1_data\val_50\45_485.png,45
..\p1_data\val_50\45_486.png,45
..\p1_data\val_50\45_487.png,45
..\p1_data\val_50\45_488.png,45
..\p1_data\val_50\45_489.png,45
..\p1_data\val_50\45_490.png,17
..\p1_data\val_50\45_491.png,45
..\p1_data\val_50\45_492.png,45
..\p1_data\val_50\45_493.png,45
..\p1_data\val_50\45_494.png,45
..\p1_data\val_50\45_495.png,45
..\p1_data\val_50\45_496.png,45
..\p1_data\val_50\45_497.png,45
..\p1_data\val_50\45_498.png,45
..\p1_data\val_50\45_499.png,45
..\p1_data\val_50\46_450.png,46
..\p1_data\val_50\46_451.png,46
..\p1_data\val_50\46_452.png,46
..\p1_data\val_50\46_453.png,46
..\p1_data\val_50\46_454.png,46
..\p1_data\val_50\46_455.png,46
..\p1_data\val_50\46_456.png,18
..\p1_data\val_50\46_457.png,46
..\p1_data\val_50\46_458.png,32
..\p1_data\val_50\46_459.png,46
..\p1_data\val_50\46_460.png,46
..\p1_data\val_50\46_461.png,40
..\p1_data\val_50\46_462.png,46
..\p1_data\val_50\46_463.png,46
..\p1_data\val_50\46_464.png,46
..\p1_data\val_50\46_465.png,46
..\p1_data\val_50\46_466.png,46
..\p1_data\val_50\46_467.png,46
..\p1_data\val_50\46_468.png,29
..\p1_data\val_50\46_469.png,46
..\p1_data\val_50\46_470.png,32
..\p1_data\val_50\46_471.png,32
..\p1_data\val_50\46_472.png,46
..\p1_data\val_50\46_473.png,6
..\p1_data\val_50\46_474.png,46
..\p1_data\val_50\46_475.png,46
..\p1_data\val_50\46_476.png,46
..\p1_data\val_50\46_477.png,46
..\p1_data\val_50\46_478.png,24
..\p1_data\val_50\46_479.png,46
..\p1_data\val_50\46_480.png,46
..\p1_data\val_50\46_481.png,46
..\p1_data\val_50\46_482.png,40
..\p1_data\val_50\46_483.png,46
..\p1_data\val_50\46_484.png,46
..\p1_data\val_50\46_485.png,32
..\p1_data\val_50\46_486.png,24
..\p1_data\val_50\46_487.png,24
..\p1_data\val_50\46_488.png,46
..\p1_data\val_50\46_489.png,46
..\p1_data\val_50\46_490.png,46
..\p1_data\val_50\46_491.png,46
..\p1_data\val_50\46_492.png,46
..\p1_data\val_50\46_493.png,46
..\p1_data\val_50\46_494.png,46
..\p1_data\val_50\46_495.png,46
..\p1_data\val_50\46_496.png,32
..\p1_data\val_50\46_497.png,46
..\p1_data\val_50\46_498.png,46
..\p1_data\val_50\46_499.png,46
..\p1_data\val_50\47_450.png,47
..\p1_data\val_50\47_451.png,17
..\p1_data\val_50\47_452.png,47
..\p1_data\val_50\47_453.png,33
..\p1_data\val_50\47_454.png,47
..\p1_data\val_50\47_455.png,16
..\p1_data\val_50\47_456.png,47
..\p1_data\val_50\47_457.png,17
..\p1_data\val_50\47_458.png,38
..\p1_data\val_50\47_459.png,47
..\p1_data\val_50\47_460.png,33
..\p1_data\val_50\47_461.png,47
..\p1_data\val_50\47_462.png,17
..\p1_data\val_50\47_463.png,47
..\p1_data\val_50\47_464.png,47
..\p1_data\val_50\47_465.png,47
..\p1_data\val_50\47_466.png,47
..\p1_data\val_50\47_467.png,47
..\p1_data\val_50\47_468.png,47
..\p1_data\val_50\47_469.png,47
..\p1_data\val_50\47_470.png,47
..\p1_data\val_50\47_471.png,47
..\p1_data\val_50\47_472.png,47
..\p1_data\val_50\47_473.png,41
..\p1_data\val_50\47_474.png,47
..\p1_data\val_50\47_475.png,47
..\p1_data\val_50\47_476.png,47
..\p1_data\val_50\47_477.png,47
..\p1_data\val_50\47_478.png,8
..\p1_data\val_50\47_479.png,36
..\p1_data\val_50\47_480.png,47
..\p1_data\val_50\47_481.png,30
..\p1_data\val_50\47_482.png,47
..\p1_data\val_50\47_483.png,48
..\p1_data\val_50\47_484.png,19
..\p1_data\val_50\47_485.png,47
..\p1_data\val_50\47_486.png,47
..\p1_data\val_50\47_487.png,8
..\p1_data\val_50\47_488.png,47
..\p1_data\val_50\47_489.png,38
..\p1_data\val_50\47_490.png,47
..\p1_data\val_50\47_491.png,47
..\p1_data\val_50\47_492.png,47
..\p1_data\val_50\47_493.png,47
..\p1_data\val_50\47_494.png,47
..\p1_data\val_50\47_495.png,47
..\p1_data\val_50\47_496.png,47
..\p1_data\val_50\47_497.png,30
..\p1_data\val_50\47_498.png,47
..\p1_data\val_50\47_499.png,48
..\p1_data\val_50\48_450.png,48
..\p1_data\val_50\48_451.png,48
..\p1_data\val_50\48_452.png,48
..\p1_data\val_50\48_453.png,48
..\p1_data\val_50\48_454.png,48
..\p1_data\val_50\48_455.png,33
..\p1_data\val_50\48_456.png,47
..\p1_data\val_50\48_457.png,17
..\p1_data\val_50\48_458.png,48
..\p1_data\val_50\48_459.png,33
..\p1_data\val_50\48_460.png,48
..\p1_data\val_50\48_461.png,8
..\p1_data\val_50\48_462.png,48
..\p1_data\val_50\48_463.png,28
..\p1_data\val_50\48_464.png,48
..\p1_data\val_50\48_465.png,48
..\p1_data\val_50\48_466.png,3
..\p1_data\val_50\48_467.png,33
..\p1_data\val_50\48_468.png,48
..\p1_data\val_50\48_469.png,48
..\p1_data\val_50\48_470.png,33
..\p1_data\val_50\48_471.png,48
..\p1_data\val_50\48_472.png,48
..\p1_data\val_50\48_473.png,48
..\p1_data\val_50\48_474.png,8
..\p1_data\val_50\48_475.png,48
..\p1_data\val_50\48_476.png,48
..\p1_data\val_50\48_477.png,48
..\p1_data\val_50\48_478.png,22
..\p1_data\val_50\48_479.png,48
..\p1_data\val_50\48_480.png,48
..\p1_data\val_50\48_481.png,27
..\p1_data\val_50\48_482.png,48
..\p1_data\val_50\48_483.png,48
..\p1_data\val_50\48_484.png,48
..\p1_data\val_50\48_485.png,48
..\p1_data\val_50\48_486.png,48
..\p1_data\val_50\48_487.png,33
..\p1_data\val_50\48_488.png,48
..\p1_data\val_50\48_489.png,48
..\p1_data\val_50\48_490.png,33
..\p1_data\val_50\48_491.png,48
..\p1_data\val_50\48_492.png,33
..\p1_data\val_50\48_493.png,48
..\p1_data\val_50\48_494.png,48
..\p1_data\val_50\48_495.png,48
..\p1_data\val_50\48_496.png,48
..\p1_data\val_50\48_497.png,48
..\p1_data\val_50\48_498.png,19
..\p1_data\val_50\48_499.png,22
..\p1_data\val_50\49_450.png,49
..\p1_data\val_50\49_451.png,49
..\p1_data\val_50\49_452.png,49
..\p1_data\val_50\49_453.png,49
..\p1_data\val_50\49_454.png,49
..\p1_data\val_50\49_455.png,49
..\p1_data\val_50\49_456.png,49
..\p1_data\val_50\49_457.png,49
..\p1_data\val_50\49_458.png,49
..\p1_data\val_50\49_459.png,49
..\p1_data\val_50\49_460.png,49
..\p1_data\val_50\49_461.png,49
..\p1_data\val_50\49_462.png,49
..\p1_data\val_50\49_463.png,49
..\p1_data\val_50\49_464.png,49
..\p1_data\val_50\49_465.png,49
..\p1_data\val_50\49_466.png,39
..\p1_data\val_50\49_467.png,49
..\p1_data\val_50\49_468.png,49
..\p1_data\val_50\49_469.png,49
..\p1_data\val_50\49_470.png,49
..\p1_data\val_50\49_471.png,49
..\p1_data\val_50\49_472.png,49
..\p1_data\val_50\49_473.png,49
..\p1_data\val_50\49_474.png,49
..\p1_data\val_50\49_475.png,49
..\p1_data\val_50\49_476.png,49
..\p1_data\val_50\49_477.png,49
..\p1_data\val_50\49_478.png,49
..\p1_data\val_50\49_479.png,49
..\p1_data\val_50\49_480.png,49
..\p1_data\val_50\49_481.png,49
..\p1_data\val_50\49_482.png,49
..\p1_data\val_50\49_483.png,49
..\p1_data\val_50\49_484.png,49
..\p1_data\val_50\49_485.png,49
..\p1_data\val_50\49_486.png,49
..\p1_data\val_50\49_487.png,49
..\p1_data\val_50\49_488.png,49
..\p1_data\val_50\49_489.png,49
..\p1_data\val_50\49_490.png,49
..\p1_data\val_50\49_491.png,49
..\p1_data\val_50\49_492.png,49
..\p1_data\val_50\49_493.png,49
..\p1_data\val_50\49_494.png,49
..\p1_data\val_50\49_495.png,49
..\p1_data\val_50\49_496.png,49
..\p1_data\val_50\49_497.png,49
..\p1_data\val_50\49_498.png,49
..\p1_data\val_50\49_499.png,49
..\p1_data\val_50\4_450.png,4
..\p1_data\val_50\4_451.png,4
..\p1_data\val_50\4_452.png,4
..\p1_data\val_50\4_453.png,4
..\p1_data\val_50\4_454.png,4
..\p1_data\val_50\4_455.png,4
..\p1_data\val_50\4_456.png,4
..\p1_data\val_50\4_457.png,4
..\p1_data\val_50\4_458.png,4
..\p1_data\val_50\4_459.png,4
..\p1_data\val_50\4_460.png,4
..\p1_data\val_50\4_461.png,4
..\p1_data\val_50\4_462.png,31
..\p1_data\val_50\4_463.png,4
..\p1_data\val_50\4_464.png,4
..\p1_data\val_50\4_465.png,4
..\p1_data\val_50\4_466.png,4
..\p1_data\val_50\4_467.png,4
..\p1_data\val_50\4_468.png,4
..\p1_data\val_50\4_469.png,4
..\p1_data\val_50\4_470.png,4
..\p1_data\val_50\4_471.png,12
..\p1_data\val_50\4_472.png,4
..\p1_data\val_50\4_473.png,4
..\p1_data\val_50\4_474.png,0
..\p1_data\val_50\4_475.png,4
..\p1_data\val_50\4_476.png,4
..\p1_data\val_50\4_477.png,4
..\p1_data\val_50\4_478.png,4
..\p1_data\val_50\4_479.png,4
..\p1_data\val_50\4_480.png,31
..\p1_data\val_50\4_481.png,4
..\p1_data\val_50\4_482.png,4
..\p1_data\val_50\4_483.png,4
..\p1_data\val_50\4_484.png,4
..\p1_data\val_50\4_485.png,14
..\p1_data\val_50\4_486.png,4
..\p1_data\val_50\4_487.png,4
..\p1_data\val_50\4_488.png,4
..\p1_data\val_50\4_489.png,4
..\p1_data\val_50\4_490.png,4
..\p1_data\val_50\4_491.png,4
..\p1_data\val_50\4_492.png,27
..\p1_data\val_50\4_493.png,4
..\p1_data\val_50\4_494.png,4
..\p1_data\val_50\4_495.png,24
..\p1_data\val_50\4_496.png,4
..\p1_data\val_50\4_497.png,42
..\p1_data\val_50\4_498.png,4
..\p1_data\val_50\4_499.png,4
..\p1_data\val_50\5_450.png,5
..\p1_data\val_50\5_451.png,5
..\p1_data\val_50\5_452.png,5
..\p1_data\val_50\5_453.png,5
..\p1_data\val_50\5_454.png,5
..\p1_data\val_50\5_455.png,5
..\p1_data\val_50\5_456.png,5
..\p1_data\val_50\5_457.png,5
..\p1_data\val_50\5_458.png,5
..\p1_data\val_50\5_459.png,5
..\p1_data\val_50\5_460.png,5
..\p1_data\val_50\5_461.png,5
..\p1_data\val_50\5_462.png,5
..\p1_data\val_50\5_463.png,5
..\p1_data\val_50\5_464.png,19
..\p1_data\val_50\5_465.png,5
..\p1_data\val_50\5_466.png,5
..\p1_data\val_50\5_467.png,5
..\p1_data\val_50\5_468.png,5
..\p1_data\val_50\5_469.png,5
..\p1_data\val_50\5_470.png,5
..\p1_data\val_50\5_471.png,5
..\p1_data\val_50\5_472.png,5
..\p1_data\val_50\5_473.png,5
..\p1_data\val_50\5_474.png,5
..\p1_data\val_50\5_475.png,5
..\p1_data\val_50\5_476.png,5
..\p1_data\val_50\5_477.png,5
..\p1_data\val_50\5_478.png,5
..\p1_data\val_50\5_479.png,5
..\p1_data\val_50\5_480.png,5
..\p1_data\val_50\5_481.png,5
..\p1_data\val_50\5_482.png,42
..\p1_data\val_50\5_483.png,5
..\p1_data\val_50\5_484.png,4
..\p1_data\val_50\5_485.png,5
..\p1_data\val_50\5_486.png,5
..\p1_data\val_50\5_487.png,5
..\p1_data\val_50\5_488.png,5
..\p1_data\val_50\5_489.png,5
..\p1_data\val_50\5_490.png,5
..\p1_data\val_50\5_491.png,5
..\p1_data\val_50\5_492.png,5
..\p1_data\val_50\5_493.png,5
..\p1_data\val_50\5_494.png,5
..\p1_data\val_50\5_495.png,5
..\p1_data\val_50\5_496.png,5
..\p1_data\val_50\5_497.png,5
..\p1_data\val_50\5_498.png,5
..\p1_data\val_50\5_499.png,5
..\p1_data\val_50\6_450.png,6
..\p1_data\val_50\6_451.png,13
..\p1_data\val_50\6_452.png,23
..\p1_data\val_50\6_453.png,38
..\p1_data\val_50\6_454.png,30
..\p1_data\val_50\6_455.png,6
..\p1_data\val_50\6_456.png,6
..\p1_data\val_50\6_457.png,6
..\p1_data\val_50\6_458.png,6
..\p1_data\val_50\6_459.png,6
..\p1_data\val_50\6_460.png,38
..\p1_data\val_50\6_461.png,6
..\p1_data\val_50\6_462.png,13
..\p1_data\val_50\6_463.png,6
..\p1_data\val_50\6_464.png,6
..\p1_data\val_50\6_465.png,6
..\p1_data\val_50\6_466.png,6
..\p1_data\val_50\6_467.png,6
..\p1_data\val_50\6_468.png,6
..\p1_data\val_50\6_469.png,20
..\p1_data\val_50\6_470.png,12
..\p1_data\val_50\6_471.png,26
..\p1_data\val_50\6_472.png,23
..\p1_data\val_50\6_473.png,6
..\p1_data\val_50\6_474.png,47
..\p1_data\val_50\6_475.png,6
..\p1_data\val_50\6_476.png,6
..\p1_data\val_50\6_477.png,34
..\p1_data\val_50\6_478.png,6
..\p1_data\val_50\6_479.png,6
..\p1_data\val_50\6_480.png,6
..\p1_data\val_50\6_481.png,27
..\p1_data\val_50\6_482.png,6
..\p1_data\val_50\6_483.png,6
..\p1_data\val_50\6_484.png,6
..\p1_data\val_50\6_485.png,6
..\p1_data\val_50\6_486.png,6
..\p1_data\val_50\6_487.png,6
..\p1_data\val_50\6_488.png,6
..\p1_data\val_50\6_489.png,6
..\p1_data\val_50\6_490.png,31
..\p1_data\val_50\6_491.png,6
..\p1_data\val_50\6_492.png,6
..\p1_data\val_50\6_493.png,6
..\p1_data\val_50\6_494.png,13
..\p1_data\val_50\6_495.png,6
..\p1_data\val_50\6_496.png,6
..\p1_data\val_50\6_497.png,6
..\p1_data\val_50\6_498.png,13
..\p1_data\val_50\6_499.png,6
..\p1_data\val_50\7_450.png,7
..\p1_data\val_50\7_451.png,7
..\p1_data\val_50\7_452.png,7
..\p1_data\val_50\7_453.png,7
..\p1_data\val_50\7_454.png,31
..\p1_data\val_50\7_455.png,7
..\p1_data\val_50\7_456.png,7
..\p1_data\val_50\7_457.png,22
..\p1_data\val_50\7_458.png,7
..\p1_data\val_50\7_459.png,7
..\p1_data\val_50\7_460.png,7
..\p1_data\val_50\7_461.png,7
..\p1_data\val_50\7_462.png,7
..\p1_data\val_50\7_463.png,7
..\p1_data\val_50\7_464.png,11
..\p1_data\val_50\7_465.png,7
..\p1_data\val_50\7_466.png,45
..\p1_data\val_50\7_467.png,7
..\p1_data\val_50\7_468.png,7
..\p1_data\val_50\7_469.png,7
..\p1_data\val_50\7_470.png,3
..\p1_data\val_50\7_471.png,7
..\p1_data\val_50\7_472.png,7
..\p1_data\val_50\7_473.png,7
..\p1_data\val_50\7_474.png,17
..\p1_data\val_50\7_475.png,7
..\p1_data\val_50\7_476.png,7
..\p1_data\val_50\7_477.png,7
..\p1_data\val_50\7_478.png,7
..\p1_data\val_50\7_479.png,3
..\p1_data\val_50\7_480.png,7
..\p1_data\val_50\7_481.png,7
..\p1_data\val_50\7_482.png,7
..\p1_data\val_50\7_483.png,7
..\p1_data\val_50\7_484.png,7
..\p1_data\val_50\7_485.png,7
..\p1_data\val_50\7_486.png,7
..\p1_data\val_50\7_487.png,7
..\p1_data\val_50\7_488.png,7
..\p1_data\val_50\7_489.png,7
..\p1_data\val_50\7_490.png,7
..\p1_data\val_50\7_491.png,7
..\p1_data\val_50\7_492.png,7
..\p1_data\val_50\7_493.png,7
..\p1_data\val_50\7_494.png,7
..\p1_data\val_50\7_495.png,7
..\p1_data\val_50\7_496.png,33
..\p1_data\val_50\7_497.png,7
..\p1_data\val_50\7_498.png,7
..\p1_data\val_50\7_499.png,7
..\p1_data\val_50\8_450.png,8
..\p1_data\val_50\8_451.png,8
..\p1_data\val_50\8_452.png,8
..\p1_data\val_50\8_453.png,8
..\p1_data\val_50\8_454.png,28
..\p1_data\val_50\8_455.png,8
..\p1_data\val_50\8_456.png,8
..\p1_data\val_50\8_457.png,8
..\p1_data\val_50\8_458.png,8
..\p1_data\val_50\8_459.png,8
..\p1_data\val_50\8_460.png,8
..\p1_data\val_50\8_461.png,8
..\p1_data\val_50\8_462.png,8
..\p1_data\val_50\8_463.png,8
..\p1_data\val_50\8_464.png,8
..\p1_data\val_50\8_465.png,8
..\p1_data\val_50\8_466.png,8
..\p1_data\val_50\8_467.png,8
..\p1_data\val_50\8_468.png,8
..\p1_data\val_50\8_469.png,8
..\p1_data\val_50\8_470.png,8
..\p1_data\val_50\8_471.png,8
..\p1_data\val_50\8_472.png,8
..\p1_data\val_50\8_473.png,8
..\p1_data\val_50\8_474.png,8
..\p1_data\val_50\8_475.png,8
..\p1_data\val_50\8_476.png,8
..\p1_data\val_50\8_477.png,8
..\p1_data\val_50\8_478.png,8
..\p1_data\val_50\8_479.png,8
..\p1_data\val_50\8_480.png,8
..\p1_data\val_50\8_481.png,8
..\p1_data\val_50\8_482.png,8
..\p1_data\val_50\8_483.png,8
..\p1_data\val_50\8_484.png,8
..\p1_data\val_50\8_485.png,8
..\p1_data\val_50\8_486.png,8
..\p1_data\val_50\8_487.png,8
..\p1_data\val_50\8_488.png,8
..\p1_data\val_50\8_489.png,8
..\p1_data\val_50\8_490.png,8
..\p1_data\val_50\8_491.png,8
..\p1_data\val_50\8_492.png,8
..\p1_data\val_50\8_493.png,8
..\p1_data\val_50\8_494.png,8
..\p1_data\val_50\8_495.png,48
..\p1_data\val_50\8_496.png,8
..\p1_data\val_50\8_497.png,8
..\p1_data\val_50\8_498.png,3
..\p1_data\val_50\8_499.png,18
..\p1_data\val_50\9_450.png,9
..\p1_data\val_50\9_451.png,9
..\p1_data\val_50\9_452.png,9
..\p1_data\val_50\9_453.png,9
..\p1_data\val_50\9_454.png,9
..\p1_data\val_50\9_455.png,9
..\p1_data\val_50\9_456.png,9
..\p1_data\val_50\9_457.png,40
..\p1_data\val_50\9_458.png,9
..\p1_data\val_50\9_459.png,9
..\p1_data\val_50\9_460.png,9
..\p1_data\val_50\9_461.png,31
..\p1_data\val_50\9_462.png,9
..\p1_data\val_50\9_463.png,9
..\p1_data\val_50\9_464.png,9
..\p1_data\val_50\9_465.png,9
..\p1_data\val_50\9_466.png,9
..\p1_data\val_50\9_467.png,9
..\p1_data\val_50\9_468.png,9
..\p1_data\val_50\9_469.png,9
..\p1_data\val_50\9_470.png,9
..\p1_data\val_50\9_471.png,9
..\p1_data\val_50\9_472.png,31
..\p1_data\val_50\9_473.png,9
..\p1_data\val_50\9_474.png,9
..\p1_data\val_50\9_475.png,9
..\p1_data\val_50\9_476.png,9
..\p1_data\val_50\9_477.png,9
..\p1_data\val_50\9_478.png,9
..\p1_data\val_50\9_479.png,9
..\p1_data\val_50\9_480.png,9
..\p1_data\val_50\9_481.png,40
..\p1_data\val_50\9_482.png,9
..\p1_data\val_50\9_483.png,9
..\p1_data\val_50\9_484.png,9
..\p1_data\val_50\9_485.png,9
..\p1_data\val_50\9_486.png,9
..\p1_data\val_50\9_487.png,9
..\p1_data\val_50\9_488.png,9
..\p1_data\val_50\9_489.png,9
..\p1_data\val_50\9_490.png,40
..\p1_data\val_50\9_491.png,9
..\p1_data\val_50\9_492.png,9
..\p1_data\val_50\9_493.png,9
..\p1_data\val_50\9_494.png,9
..\p1_data\val_50\9_495.png,9
..\p1_data\val_50\9_496.png,9
..\p1_data\val_50\9_497.png,9
..\p1_data\val_50\9_498.png,9
..\p1_data\val_50\9_499.png,9
